country_code,IC.TAX.TOTL.CP.ZS,IC.BUS.EASE.XQ,IC.BUS.DISC.XQ,ST.INT.ARVL,IC.REG.COST.PC.ZS,FP.CPI.TOTL.ZG,IC.EXP.COST.CD,IT.NET.USER.P2,NY.GNP.PCAP.CD,BG.GSR.NFSV.GD.ZS,IC.ELC.TIME,IT.CEL.SETS.P2,TX.VAL.TECH.CD,SP.POP.1564.TO.ZS,IC.ISV.DURS,TX.VAL.OTHR.ZS.WT,SH.STA.ACSN.UR,IC.REG.DURS,IC.IMP.DURS,NE.CON.PRVT.PC.KD.ZG,SL.GDP.PCAP.EM.KD,SP.URB.TOTL.IN.ZS,IC.WRH.DURS,IQ.WEF.CUST.XQ,SP.POP.TOTL,IQ.WEF.PORT.XQ,IC.REG.PROC,IC.IMP.COST.CD,NE.CON.PETC.ZS,name,IC.LGL.CRED.XQ,BX.KLT.DINV.WD.GD.ZS,SP.URB.GROW,SH.H2O.SAFE.ZS,NE.CON.PRVT.KD.ZG,Ease.Of.Doing.Business,ST.INT.ARVL.Categorical,SP.POP.TOTL.Categorical,Num.Starbucks.Stores,Num.Starbucks.Stores.Categorical,Starbucks.Store.Density,Starbucks.Store.Density.Categorical,Num.Starbucks.Stores.On.Airports,Exists.In.Multiple.Cities,Ownership.Type.Mixed,continent,MultipleBrands
GR,49.6,60.0,7.0,22033000.0,2.2,-1.73590236566741,1040.0,66.835,20290.0,22.1160928943541,51.0,113.983743958767,1137916585.0,64.001114781101,3.5,11.772052243503401,99.2,13.0,14.0,0.929370795720658,72823.7578125,78.007,124.0,4.14406855427034,10823732.0,4.59361881178025,5.0,1135.0,70.31290984956121,Greece,3.0,-0.148241142178137,-0.209887775301411,100.0,0.292970935045105,Medium,VH,M,28,M,0.2586908101567925,M,0,True,False,Europe,False
SA,15.0,82.0,8.0,18259000.0,4.1,2.18463706835827,1285.0,69.61623580140039,23550.0,16.2033409690251,61.0,176.588813181571,254366095.0,68.5556815880295,2.350746268656716,1.94455736564062,100.0,19.0,17.0,3.77752582228572,143967.5,83.13,106.0,4.44128084298637,31540372.0,4.843094238473308,12.0,1309.0,40.8175910327607,Saudi Arabia,2.0,1.26021720473873,2.34047302082823,97.0,6.13303561186298,Medium,VH,H,92,H,0.29168964779489603,M,7,True,False,Asia,False
CN,67.8,84.0,10.0,55622000.0,0.7,1.4425553838224798,823.0,50.3,7820.0,6.95200426228442,143.2,93.1614208936838,558605991980.0,73.21719297305549,1.7,43.9481119774895,86.6,31.4,24.0,8.581721655511231,21630.080078125,55.614,244.3,4.21926270674083,1371220000.0,4.54880485442716,11.0,800.0,37.4488163147878,China,4.0,2.2993623318512904,2.6968375359099994,95.5,9.13287760462384,Medium,VH,VH,2563,VH,0.1869138431469786,M,8,True,True,Asia,False
MC,40.336764705882366,55.64705882352941,6.608823529411764,329000.0,8.280882352941175,1.716046004332363,1184.598529411765,93.3633020180933,25603.030303030304,27.282444194690342,78.39117647058825,88.7787056367432,30761610197.38806,67.6778491675054,2.350746268656716,34.84372214234526,100.0,15.73970588235294,14.383823529411764,1.5536051901175425,65623.96818273207,100.0,169.3044117647059,4.414026663961563,37731.0,4.633316158977332,6.489705882352941,1283.2205882352941,56.40002387696422,Monaco,5.573529411764706,5.218914292150971,0.28664722231057,100.0,2.68041430859638,,VL,VL,2,VL,5.300681137526172,VH,0,False,False,Europe,False
DK,24.5,3.0,7.0,10267000.0,0.2,0.452034153691609,795.0,96.3305,58590.0,39.0161430493463,38.0,128.341937604507,9318204877.0,64.1595524918413,1.0,27.448462586408702,99.6,3.0,5.0,1.54709603890156,87166.90625,87.676,64.0,5.05040136482309,5676002.0,5.75960258756365,4.0,745.0,47.9310497633745,Denmark,8.0,0.5661434163688179,0.773385050005967,100.0,2.1323776947709097,VeryHigh,H,M,21,M,0.36997872798494436,H,3,True,False,Europe,False
LU,20.1,61.0,6.0,1038000.0,2.0,0.474513795285125,1425.0,97.3341,77000.0,286.377541660037,56.0,148.51056858489702,673934496.0,69.5849129798452,2.0,28.4348132395204,97.5,18.5,7.0,-2.20865303504434,201747.796875,90.16,157.0,5.58825263734591,569676.0,4.68210018125631,6.0,1420.0,29.404077716478806,Luxembourg,3.0,42.557943730753706,2.6925595255396604,100.0,0.139278675738353,Medium,VL,VL,2,VL,0.3510767523996096,H,1,True,False,Europe,False
AZ,39.8,63.0,10.0,2160000.0,1.2,4.1719657260102885,3460.0,77.0,6560.0,24.72675607787,87.0,111.28263171802,32605511.0,72.4553638068118,1.5,13.0014535163044,91.6,3.0,25.0,1.5536051901175425,34885.98828125,54.62,203.0,3.20245570720079,9651349.0,4.25990581881622,2.0,3450.0,55.81164297239661,Azerbaijan,2.0,7.630251081374959,1.69837546048341,87.0,2.68041430859638,Medium,L,M,4,L,0.04144498349401726,L,0,True,False,Europe,False
PH,42.9,103.0,2.0,4833000.0,16.1,1.4336917562724,755.0,40.7,3540.0,17.8415678326284,42.0,118.12554373554701,26192288870.0,63.47181926961921,2.7,72.53042502619151,77.9,29.0,15.0,4.5221728317741,16456.279296875,44.37300000000001,98.0,3.45361617088318,100699395.0,3.22093564033508,16.0,915.0,73.09195094322601,Philippines,3.0,1.96058055211356,1.3031718818556,91.8,6.16762807986558,Low,M,VH,293,VH,0.29096500530117386,M,4,True,False,Asia,False
SK,51.2,29.0,3.0,13053279.411764706,1.5,-0.32521977742810404,1525.0,85.019514056785,17310.0,18.453927239883,121.0,122.310164241156,6720319370.0,71.0312889656187,4.0,38.2463402853558,99.4,11.5,16.0,2.2649140058558,59745.76171875,53.598,286.0,4.4732406190679015,5424050.0,3.1649936813342405,6.0,1505.0,55.6424425009094,Slovak Republic,7.0,2.48283551118229,-0.196595130229943,100.0,2.36684583435137,High,H,M,2,VL,0.036872816437901565,L,0,False,False,Europe,False
EG,45.0,131.0,8.0,9628000.0,8.4,10.3574896480911,625.0,35.9,3340.0,13.0703933417384,64.0,110.99155439173,176345548.0,61.6194586699029,2.5,14.8671125040101,96.8,8.0,15.0,0.6862283006535961,36556.5390625,43.135,179.0,3.7988276939264094,91508084.0,4.32789273870071,7.0,790.0,82.2399744834966,"Egypt, Arab Rep.",2.0,2.0814529796691104,2.2830173968333303,99.4,2.85373720375823,Low,M,VH,31,M,0.03387678841576445,VL,0,True,False,Africa,False
CZ,50.4,36.0,2.0,10617000.0,6.7,0.34478243791717,1240.0,81.2986,18050.0,23.3092079388909,110.0,129.21056392003,20074338041.0,66.8821170374875,2.1,47.619743204867,99.1,15.0,17.0,2.53722787623978,55939.75,72.992,247.0,4.63284173289011,10551219.0,3.60368441648261,8.0,1215.0,47.65625209622561,Czech Republic,7.0,1.36324474737331,0.208526089873794,100.0,2.78927117320795,Medium,H,M,26,M,0.2464170253692962,M,0,True,False,Europe,False
MA,49.1,75.0,6.0,10283000.0,9.1,1.5579071134629598,595.0,57.08,3040.0,22.103760224429397,57.0,126.872321632911,869791832.0,66.6097001612479,3.5,35.18852639438521,84.1,10.0,14.0,1.91730713354283,22027.830078125,60.195,91.0,4.21691146918706,34377511.0,4.777542231764111,4.0,970.0,60.2872717402941,Morocco,2.0,3.148717277933569,2.16363582565592,85.4,3.29999999999997,Medium,H,H,8,M,0.023271027387643042,VL,1,True,False,Africa,False
PL,40.3,25.0,7.0,16000000.0,12.2,-0.9913003663003628,1050.0,67.997,13370.0,16.029836156531598,133.0,148.706552821045,13444666348.0,69.52039576301479,3.0,48.204762780433995,97.5,30.0,14.0,3.05724009885724,53736.69140625,60.539,156.0,4.35851422784409,37999494.0,4.02132478290134,4.0,1025.0,58.655883457302295,Poland,7.0,1.54870623279037,-0.0801000106658284,98.3,3.0240523562811603,High,H,H,49,H,0.1289490854799277,M,0,True,False,Europe,False
PA,37.2,69.0,4.0,1745000.0,6.3,0.125526142884625,665.0,51.20542499486871,12050.0,30.1803356241228,35.0,174.19431846506401,457.0,65.2031576367455,2.5,7.58032622603186,83.5,6.0,9.0,2.882935845252549,43690.140625,66.592,98.0,4.1455748354451,3929141.0,6.2523900092764295,5.0,1030.0,50.8591069017483,Panama,7.0,11.049006351240301,2.03189780855764,94.7,4.555044464888099,Medium,L,L,5,L,0.12725427771617256,M,0,False,False,North America,False
VN,39.4,90.0,7.0,7874000.0,4.9,0.6306121050106379,610.0,52.720000000054995,1980.0,13.791366545095,59.0,130.63968578799802,30863791585.0,70.1698056432717,5.0,34.84372214234526,94.4,20.0,21.0,8.16772015948621,8914.3203125,33.593,166.0,3.57841460871142,91703800.0,3.9138168440308703,10.0,600.0,65.198918806443,Vietnam,7.0,6.09506087011688,2.99839908277346,97.6,9.33000373598149,Medium,M,VH,21,M,0.022899814402456604,VL,0,True,False,Asia,False
HU,48.4,42.0,2.0,12140000.0,7.3,-0.07028247573758299,885.0,72.8347,12990.0,31.255063353609295,252.0,118.91166491581998,11759507186.0,67.6233936744744,2.0,49.0323979292429,97.8,5.0,19.0,2.09107429138493,56301.359375,71.227,179.0,4.66866318950914,9844686.0,3.37181916971729,4.0,845.0,50.31428542483941,Hungary,10.0,-0.8008901582134209,0.421246651401508,100.0,1.81643269322666,Medium,H,M,14,M,0.14220870020638546,M,0,False,False,Europe,False
KW,13.0,101.0,4.0,13053279.411764706,2.3,3.27170248115385,1085.0,82.0791147627883,40930.0,26.4618534156616,64.0,231.763194665177,5333902.0,75.7057795054874,4.2,49.882481548226096,100.0,31.0,20.0,-1.53420503916233,158302.296875,98.342,216.0,3.4955462948135696,3892115.0,3.97652574155642,12.0,1250.0,28.234627105431,Kuwait,2.0,0.252321313899053,3.65276650738016,99.0,2.83417481290506,Low,H,L,100,H,2.569297155916513,VH,2,True,False,Asia,False
BN,8.7,84.0,4.0,201000.0,1.2,-0.194426291746023,705.0,71.2,25603.030303030304,14.796505782362,56.0,108.131115254388,55449872.0,72.472281822736,2.5,5.38555585476799,93.0739130434783,14.0,15.0,1.5536051901175425,156737.59375,77.202,119.0,4.414026663961563,423188.0,4.633316158977332,7.0,770.0,15.790712268591099,Brunei Darussalam,4.0,1.11827355665072,1.78748243112951,97.10735294117643,2.68041430859638,Medium,VL,VL,5,L,1.1815079822679282,VH,0,True,False,Asia,False
CW,40.336764705882366,55.64705882352941,6.608823529411764,452000.0,8.280882352941175,1.716046004332363,1184.598529411765,70.17643580788828,25603.030303030304,27.282444194690342,78.39117647058825,114.152727361169,30761610197.38806,66.1825792128649,2.350746268656716,49.095511379754285,93.0739130434783,15.73970588235294,14.383823529411764,1.5536051901175425,65623.96818273207,89.331,169.3044117647059,4.414026663961563,158040.0,4.633316158977332,6.489705882352941,1283.2205882352941,56.40002387696422,Curacao,5.573529411764706,5.218914292150971,1.2473077662438998,97.10735294117643,2.68041430859638,,VL,VL,3,VL,1.8982536066818527,VH,0,False,False,South America,False
MX,51.7,38.0,8.0,29346000.0,17.9,2.7206412625697403,1499.3,57.4310429923633,9710.0,4.7771806631298785,78.9,85.30441670704991,45780911356.0,65.92757451540591,1.8,2.4461769294377698,88.0,6.3,11.2,1.83433687331632,39052.75,79.24600000000002,86.4,3.97704834212905,127017224.0,4.30643171158071,6.0,1887.6,67.1493033959856,Mexico,10.0,2.64648833427846,1.64032923196431,96.1,3.15930012228316,Medium,VH,VH,558,VH,0.43931049855096815,H,12,True,False,North America,False
ZA,28.8,73.0,8.0,9549000.0,0.3,4.58827104223609,1830.0,51.919115722747,6050.0,9.777812992656287,226.0,159.272837713728,2488862532.0,65.7274089681035,2.0,19.587092296637106,69.6,46.0,21.0,-0.0611481251470423,44046.6796875,64.801,141.0,3.94892766652284,54956920.0,4.8698816997033605,6.0,2080.0,61.1857368402985,South Africa,5.0,0.5035748827707671,2.4272604808597498,93.2,1.5994997099451798,Medium,M,H,3,VL,0.00545882120031472,VL,0,True,False,Africa,False
FR,62.7,27.0,9.0,83767000.0,0.8,0.0378037334443199,1335.0,84.6945,40580.0,19.4946413209084,71.0,102.613158472136,132183573785.0,62.395955794630794,1.9,55.7270825360301,98.6,4.0,11.0,1.07430512479401,89700.703125,79.52,183.0,4.75982819607383,66808385.0,5.28086048427381,5.0,1445.0,55.1424210409176,France,4.0,1.82445062255562,0.759686266319713,100.0,1.5492237629050702,High,VH,VH,125,H,0.1871022626875354,M,9,True,True,Europe,False
CY,24.4,47.0,8.0,2441000.0,12.2,-2.09699769053064,865.0,71.7159,25930.0,74.55411681653759,137.0,95.4003408617707,26759530.0,70.60353557023942,1.5,45.38775474684901,100.0,8.0,5.0,1.51979417368958,45834.8203125,66.921,617.0,4.58738410514698,1165300.0,4.42081545277646,6.0,1010.0,69.6055756023413,Cyprus,7.0,27.1387640593163,0.8577000423038709,100.0,0.408533100656669,Medium,M,VL,10,M,0.8581481163648845,H,0,True,False,Europe,False
FI,37.9,10.0,6.0,13053279.411764706,1.0,-0.2071643707866,615.0,92.6513,46360.0,21.8094054310431,42.0,135.499960443849,3632887080.0,63.1844856787288,0.9,74.5077963423182,99.4,14.0,7.0,1.0595483572841,82024.6328125,84.221,64.0,5.944533875975949,5482013.0,6.3613692037987,3.0,625.0,55.434321011485395,Finland,7.0,8.14183224598091,0.535086564267504,100.0,1.43889784894003,VeryHigh,H,M,8,M,0.14593179549191146,M,2,True,False,Europe,False
AD,40.336764705882366,55.64705882352941,6.608823529411764,2363000.0,8.280882352941175,1.716046004332363,1184.598529411765,96.91,25603.030303030304,27.282444194690342,78.39117647058825,88.12353304508959,16200929.0,67.6778491675054,2.350746268656716,34.84372214234526,100.0,15.73970588235294,14.383823529411764,1.5536051901175425,65623.96818273207,85.115,169.3044117647059,4.414026663961563,70473.0,4.633316158977332,6.489705882352941,1283.2205882352941,56.40002387696422,Andorra,5.573529411764706,5.218914292150971,-3.83656183110664,100.0,2.68041430859638,,L,VL,1,VL,1.4189831566699302,VH,0,False,False,Europe,False
PE,35.9,50.0,9.0,3215000.0,9.8,3.55539624684232,890.0,40.9,6200.0,7.19710649532563,67.0,109.86690581902799,195064245.0,65.2792377266294,3.1,5.08591771395399,82.5,26.0,17.0,2.06262089840558,22259.0703125,78.609,174.0,3.8143989478999902,31376670.0,3.64610388441519,6.0,1010.0,63.5229073273413,Peru,8.0,3.57197563790474,1.70741862973094,86.7,3.39230533700918,Medium,M,H,84,H,0.26771483398333856,M,0,True,False,South America,False
LB,30.3,123.0,9.0,1355000.0,34.0,-3.74889199850394,1080.0,74.0,7930.0,62.3751540714647,75.0,87.06623207425007,38146559.0,67.8712942954425,3.0,31.1393247114975,80.7,15.0,30.0,3.0361738516818195,42497.58984375,87.792,244.0,3.04474746241714,5850743.0,3.85543440616492,6.0,1365.0,66.6074890081443,Lebanon,2.0,4.97184276358149,4.30348620222381,99.0,7.417651606371419,Low,L,M,29,M,0.4956635422201932,H,0,True,False,Asia,False
DE,48.8,15.0,5.0,32999000.0,1.8,0.234429944519196,1015.0,87.5898,45790.0,16.758742817779602,28.0,116.712283291961,184283164631.0,65.8735239308132,1.2,52.1886349007234,99.3,10.5,7.0,1.49031669770419,84050.2421875,75.301,96.0,4.70156070455428,81413145.0,5.609588206006629,9.0,1050.0,54.0269341352986,Germany,6.0,1.37754006358597,0.8056404775193499,100.0,2.0300172186103502,High,VH,VH,162,VH,0.19898506561808907,M,9,True,True,Europe,False
NZ,34.3,2.0,10.0,2772000.0,0.3,0.22983702465524106,870.0,88.22288881795002,40080.0,14.9651210086074,58.0,121.834585183696,600783726.0,64.9315914273209,1.3,18.9385654664528,93.0739130434783,0.5,9.0,1.09480057553438,65439.9609375,86.28399999999998,93.0,5.87797459898324,4595700.0,5.46662938293369,1.0,825.0,58.0079582193484,New Zealand,12.0,-0.314695049325897,1.9273125008761496,100.0,2.6332640317614,VeryHigh,M,M,25,M,0.5439867702417477,H,0,True,False,Oceania,False
AW,40.336764705882366,55.64705882352941,6.608823529411764,1072000.0,8.280882352941175,0.476485008378708,1184.598529411765,88.66122693249598,25603.030303030304,27.282444194690342,78.39117647058825,135.72177997670602,1663353.0,69.4674123343184,2.350746268656716,13.8213802435726,97.7,15.73970588235294,14.383823529411764,1.5536051901175425,65623.96818273207,41.528,169.3044117647059,4.414026663961563,103889.0,4.633316158977332,6.489705882352941,1283.2205882352941,56.40002387696422,Aruba,5.573529411764706,5.218914292150971,-0.171375678812568,98.1,2.68041430859638,,VL,VL,3,VL,2.8876974463128917,VH,0,True,False,South America,False
AR,137.4,121.0,7.0,5931000.0,9.7,1.716046004332363,1770.0,69.40092102179,12460.0,5.45031827580552,92.0,143.90779684665,1427075645.0,63.8792489212978,2.8,48.999475513475296,96.2,25.0,30.0,3.9686854098955697,31734.80078125,91.751,341.0,2.05562960147858,43416755.0,3.82892558097839,14.0,2320.0,65.6650961274551,Argentina,2.0,2.05406979401888,1.17133810183968,99.1,5.0251328864601,Low,M,H,105,H,0.24184211832505675,M,0,True,False,South America,False
CA,21.1,14.0,8.0,16537000.0,0.4,1.12524136094334,1680.0,88.47,47500.0,11.2897712068532,137.0,81.9305877629189,26268767511.0,67.8921634982731,0.8,51.5538262627615,100.0,1.5,10.0,1.00561676145313,82523.84375,81.828,249.0,4.97514409372362,35851774.0,5.458973778439112,2.0,1680.0,57.5106590671652,Canada,9.0,3.5913623148067897,1.08089742647713,99.8,1.8812004341879696,High,VH,H,1450,VH,4.0444302700335,VH,35,True,True,North America,True
SV,38.7,86.0,3.0,1345000.0,42.7,-0.730633669656778,1045.0,26.915075328277002,3940.0,14.986803445657499,61.0,145.255665964623,183144061.0,64.7995954678162,3.5,39.1818452266767,82.4,16.5,10.0,1.41319499769669,18404.509765625,66.726,108.0,3.4816227875257795,6126583.0,4.01418199790152,8.0,1035.0,90.19504684683292,El Salvador,9.0,2.00577222670921,1.01696270928846,93.8,1.7266313160085902,Medium,VL,M,10,M,0.1632231212733101,M,0,True,False,North America,False
SG,18.4,1.0,10.0,11864000.0,0.6,-0.541666666666702,460.0,82.103,52090.0,96.70033220930559,31.0,146.1398082816,137369116389.0,72.7763243833583,0.8,36.2232683619976,100.0,2.5,4.0,1.1648346566794698,138814.796875,100.0,26.0,6.160622924420888,5535002.0,6.66474054019626,3.0,440.0,36.43808794955,Singapore,8.0,22.2937718803364,1.1863769374982198,100.0,2.48696447294438,,H,M,125,H,2.2583551008653657,VH,6,True,False,Asia,False
NL,41.0,28.0,4.0,13925000.0,4.6,0.6002481472788149,915.0,93.0965,48940.0,38.9148505346942,110.0,123.538429708276,70308349003.0,65.2462589355619,1.1,69.4067520726555,97.5,4.0,6.0,1.08988687395683,85121.4609375,90.496,161.0,5.50814908568622,16936520.0,6.76641877324958,4.0,975.0,44.4456888878409,Netherlands,3.0,8.96380951647253,1.07277458145862,100.0,1.51853416485228,High,H,M,57,H,0.3365508380706308,M,6,True,True,Europe,False
AE,15.9,31.0,10.0,13053279.411764706,6.2,1.716046004332363,665.0,91.2434057753709,43170.0,27.282444194690342,32.0,187.34813818923598,1555995856.0,84.92465242024021,3.2,34.84372214234526,98.0,8.0,7.0,-0.759301763726782,93187.28125,85.541,43.5,5.99922177567608,9156963.0,6.47299124092085,6.0,625.0,48.0810642235606,United Arab Emirates,2.0,2.96409549042215,1.09845912171454,99.6,-0.252547226128925,High,H,M,144,VH,1.5725737889298013,VH,11,True,False,Asia,False
AT,51.7,21.0,5.0,25291000.0,0.3,0.89656616390028,1150.0,83.9263,47120.0,27.844766220161,23.0,157.408263680185,19269819029.0,67.0332301646914,1.1,37.865758714444,100.0,22.0,9.0,-0.419391677947615,87198.4765625,65.968,223.0,5.08408188986224,8611088.0,4.01746178588202,8.0,1215.0,53.1769164096792,Austria,5.0,1.53634190116866,0.884836970481855,100.0,0.391014696320696,High,VH,M,18,M,0.20903281908163057,M,1,True,True,Europe,False
KR,33.2,4.0,7.0,14202000.0,14.5,0.7061628760088001,670.0,89.8962557995106,27440.0,15.3469937684602,18.0,118.461917184148,133447400828.0,72.88038107714209,1.5,48.123312354468794,100.0,4.0,7.0,1.76500650947003,68415.7578125,82.47399999999998,28.0,4.48495185375214,50617045.0,5.23480620384216,3.0,695.0,49.3376423520852,"Korea, Rep.",5.0,0.365926294028936,0.520524297978175,97.10735294117643,2.15469837530864,VeryHigh,H,H,955,VH,1.886716223754271,VH,13,True,False,Asia,False
ID,29.7,109.0,10.0,9435000.0,19.9,6.3631211311561,571.8,21.976067711347604,3440.0,6.40902620712216,79.0,132.34821009376,4980582046.0,67.13388369402739,1.9,37.6049551573413,72.3,47.8,26.0,3.5787248573119403,21182.619140625,53.742,210.2,3.89725387172496,257563815.0,3.81293197439072,13.0,646.8,55.438986462809886,Indonesia,5.0,1.7992283124268,2.5990683598517794,87.4,4.84429389289987,Low,M,VH,260,VH,0.10094585685493127,M,19,True,False,Asia,False
US,43.9,7.0,7.4,75011000.0,1.1,0.11862713555231698,1224.0,74.55,54960.0,6.906520734723519,89.6,117.586744410658,154353963992.0,66.2635851599661,1.5,43.6964817572599,100.0,5.6,5.4,2.29832425129027,109314.1015625,81.617,80.6,4.88633307476574,321418820.0,5.72790978955242,6.0,1289.0,68.3785743307682,United States,11.0,2.11419225813613,0.992929627258756,99.2,3.10393100230088,VeryHigh,VH,VH,13480,VH,4.193905011536039,VH,182,True,True,North America,True
BH,13.5,65.0,8.0,10452000.0,0.8,1.83599369733479,810.0,93.4783011354165,20350.0,14.633092394720302,85.0,185.261957188434,46729049.0,76.11420547080859,2.5,30.3429027113236,99.2,9.0,15.0,2.0370020125126698,82563.7265625,88.775,145.0,4.9181731134358,1377237.0,5.398831135211611,7.0,870.0,41.0040854808297,Bahrain,1.0,-4.53972173981947,1.1807126498546598,100.0,2.98241709325617,Medium,H,L,20,M,1.4521828850081722,VH,0,True,False,Asia,False
NO,39.5,9.0,7.0,4855000.0,0.9,2.1736483195324,1265.0,96.8103,93820.0,22.2823556507968,66.0,113.577045532412,4729878109.0,65.6985354157875,0.9,36.9363935282231,98.0,4.0,7.0,0.823710627992227,124554.5,80.473,110.5,5.2637279518066915,5195921.0,5.532298956977,4.0,1140.0,42.6295795283697,Norway,5.0,-1.54054441403073,1.4658073989056102,100.0,1.9755454590931296,VeryHigh,M,M,17,M,0.3271797242490792,M,1,True,False,Europe,False
SE,49.1,8.0,8.0,5660000.0,0.5,-0.0467847449833748,725.0,90.6102,57810.0,26.5988548583931,52.0,130.379405239366,14933994823.0,62.7731014069742,2.0,60.566325597333496,99.3,7.0,6.0,1.54331380155912,87961.296875,85.815,116.0,5.3076898061312185,9798871.0,5.6200675707597005,3.0,735.0,45.19915622882901,Sweden,6.0,3.21801431530588,1.2291814372673,100.0,2.61948687195147,VeryHigh,M,M,18,M,0.18369463175910775,M,3,True,False,Europe,False
TT,32.2,88.0,4.0,412000.0,0.7,4.65817117272294,843.0,69.198470608693,18600.0,27.282444194690342,61.0,157.672735589372,30761610197.38806,69.808277111481,2.5,34.84372214234526,91.5,11.5,14.0,-10.9194196050011,61845.41015625,8.445,253.0,3.07904708962287,1360088.0,3.9988059712994506,7.0,1260.0,61.216957850267,Trinidad and Tobago,7.0,5.82112363364598,-0.822835823416937,95.1,-10.5507943412555,Medium,VL,L,1,VL,0.07352465428707554,L,0,False,False,North America,False
BE,58.4,43.0,8.0,7887000.0,4.8,0.5605939804664151,1240.0,85.0529,44360.0,47.73111271988829,88.0,115.690785217498,43698592018.0,64.8307418795963,0.9,59.897278462808714,99.5,4.0,8.0,0.812296462505202,98644.171875,97.858,212.0,5.0350272947503605,11285721.0,6.30819797368013,3.0,1400.0,51.48959348521149,Belgium,4.0,-4.56263728668756,0.525036715433591,100.0,1.30156477711898,Medium,M,M,19,M,0.1683543302195757,M,3,True,False,Europe,False
AU,47.6,13.0,8.0,6868000.0,0.7,1.5083667216591998,1200.0,84.560519347399,60070.0,7.9867014527888704,75.0,132.800509432285,4237456601.0,66.257035710291,1.0,22.8842645571676,100.0,2.5,8.0,1.3151827037711998,86972.46875,89.42299999999999,112.0,5.16544415724344,23781169.0,4.98650344390443,3.0,1220.0,56.875686338814106,Australia,11.0,2.7511165565959703,1.49226714589492,100.0,2.68431006195,High,M,H,22,M,0.09251017054712492,M,0,True,True,Oceania,False
CR,58.0,58.0,2.0,2527000.0,11.1,0.796684980293882,1020.0,59.762950137168104,10210.0,19.7020033494923,45.0,150.662050596432,30761610197.38806,68.7902908784592,3.0,48.414056982779705,95.2,24.0,14.0,2.79690456329718,30870.919921875,76.821,118.0,3.80135560972842,4807850.0,3.1375910841660697,9.0,1070.0,65.0889688218775,Costa Rica,10.0,5.88697454356537,2.23689115419704,97.8,3.91461430169515,Medium,M,M,11,M,0.22879249560614412,M,0,True,False,North America,False
RO,42.0,37.0,9.0,8442000.0,2.0,-0.593318715336016,1485.0,55.7632,9500.0,16.595627345861,182.0,107.140204125259,3536097090.0,67.1654214752418,3.3,57.3356533386087,92.2,8.0,13.0,6.559355146398231,37818.41015625,54.56399999999999,257.0,4.032064312130379,19832389.0,3.41962983195342,5.0,1495.0,61.442305574537,Romania,10.0,2.1862527755863703,-0.0715551440211587,100.0,6.1494204626225,Medium,M,H,24,M,0.12101416526269225,M,1,True,False,Europe,False
PT,41.0,23.0,6.0,9092000.0,2.2,0.4872719272368111,780.0,68.6329,20530.0,21.1057292783822,52.0,110.411663924289,1902608832.0,65.1552111668212,2.0,28.845722050093197,99.6,2.5,13.0,3.14404395121922,56078.078125,63.468,113.0,4.993646566795579,10348648.0,5.30474239696156,3.0,925.0,65.8723443934147,Portugal,2.0,-0.661324738335291,0.3810493064010301,100.0,2.6242708819250296,High,M,M,11,M,0.1062940782216189,M,2,True,False,Europe,False
MY,40.0,18.0,10.0,27437000.0,6.7,2.10438980238348,525.0,71.06406781119571,10570.0,25.2114590612639,32.0,143.912905658171,57257697127.0,69.0905512700149,1.0,35.387397982165496,96.1,4.0,8.0,4.46788166187564,54169.48046875,74.705,79.0,5.192853077051,30331007.0,5.56585090511341,3.0,560.0,54.1140898175953,Malaysia,7.0,3.7009010020379103,2.3592069050382203,98.2,5.966703493466411,High,VH,H,226,VH,0.7451120894205722,H,10,True,False,Asia,False
KH,21.0,127.0,5.0,4503000.0,78.7,1.22127006080708,795.0,19.0,1070.0,33.928059752326796,179.0,133.000347833098,30874012.0,64.27977867875511,6.0,8.55281657225255,88.1,87.0,24.0,6.067105006519611,5475.60009765625,20.723000000000006,652.0,3.06467625046991,15577899.0,3.70597026241813,7.0,930.0,79.0245381245988,Cambodia,11.0,9.423672629851849,2.6299639227872698,75.5,7.79540636995633,Low,M,M,3,VL,0.01925805270659413,VL,1,False,False,Asia,False
CL,28.9,48.0,8.0,3674000.0,0.7,4.3488672829163,910.0,64.289,14060.0,9.727013825491438,30.0,129.47039013812798,531985652.0,68.8500552787055,3.2,31.566261377143306,100.0,5.5,12.0,0.40438824296119,47811.23828125,89.53,152.0,4.89512331198293,17948141.0,4.906070467597202,7.0,860.0,64.36766571804209,Chile,4.0,8.51619263198515,1.23341618347645,99.0,1.45290379319083,Medium,M,M,92,H,0.5125879053435116,H,3,True,False,South America,False
IE,25.9,17.0,9.0,8813000.0,0.2,-0.294599018003272,1160.0,80.1224,46680.0,126.93895334558701,85.0,103.705486268251,27633248893.0,65.079935543936,0.4,73.92138432425779,89.1,6.0,9.0,2.94618095194087,103879.8984375,63.24100000000001,149.5,5.662353540721692,4640703.0,5.32694156546342,4.0,1121.0,44.187234010697786,Ireland,7.0,85.4814803011095,0.965245306284446,97.9,3.4696491468825696,High,M,M,71,H,1.5299406146008483,VH,1,True,False,Europe,False
BS,33.7,106.0,2.0,1427000.0,10.9,1.50446439884784,1005.0,78.0,21310.0,45.112476943694,67.0,80.29307261791409,0.0,70.7983371948281,3.0,7.593576456696909,92.0,28.5,13.0,-0.393859845574354,45522.6796875,82.874,180.0,4.414026663961563,388019.0,4.633316158977332,8.0,1770.0,70.00738693058821,"Bahamas, The",6.0,0.8562879341576421,1.37585537599846,98.4,0.89719699201703,Low,L,VL,10,M,2.5771933848600197,VH,1,False,False,North America,False
ES,50.0,33.0,5.0,64995000.0,5.2,-0.501190518268432,1310.0,78.6896,28520.0,15.2357368774215,107.0,107.895185390203,14240904065.0,66.3288553181877,1.5,34.289229361501306,99.8,14.0,9.0,3.239957838576,82548.1171875,79.579,205.0,4.56322118639946,46418269.0,5.65258103609085,7.0,1400.0,57.55214162173161,Spain,5.0,1.92756936578596,0.147079371797633,100.0,3.1008863923812697,Medium,VH,H,99,H,0.21327809531199882,M,7,True,False,Europe,False
KZ,29.2,41.0,9.0,4560000.0,0.1,6.71830657978647,5285.0,72.8660129673921,11580.0,8.41172124761894,83.0,187.17390180476397,3321231321.0,66.5468630019269,1.5,14.1138500719188,97.0,5.0,67.0,-3.2038349953965097,46768.8203125,53.247,154.0,4.22222227369036,17544126.0,2.91224895204817,4.0,5265.0,52.1115092302244,Kazakhstan,4.0,2.18089212105646,1.3828619903551698,92.9,-1.7608709512731102,Medium,M,M,6,L,0.03419948078348275,VL,0,True,False,Asia,False
JO,29.5,113.0,4.0,3990000.0,20.7,-0.872897594209062,825.0,53.4,4680.0,28.7967712342621,50.0,179.433012213645,80053130.0,60.6886757037648,3.0,8.123122092331,98.6,12.0,15.0,5.750565732329428,41084.62109375,83.679,63.0,4.46941326748241,7594547.0,3.99527342876831,7.0,1235.0,80.4837840902537,Jordan,0.0,3.39785907989241,2.65557868256281,96.9,8.29539552493755,Low,M,M,17,M,0.22384481918408036,M,4,True,False,Asia,False
BG,27.0,38.0,10.0,7311000.0,0.7,-0.104872332816556,1375.0,56.6563,7220.0,25.667288408657498,130.0,129.27171496494802,1107680340.0,65.8285064995643,3.3,28.020760666350398,86.8,18.0,17.0,1.39790952181222,40287.21875,73.94800000000002,110.0,3.80427816708883,7177991.0,3.90517836183174,4.0,1365.0,60.930601128938996,Bulgaria,9.0,3.62359194741346,-0.201681158162558,99.4,0.7529801565825379,Medium,M,M,5,L,0.06965737349071627,L,0,True,False,Europe,False
GB,32.0,6.0,10.0,32613000.0,0.1,0.0500208420171881,1005.0,92.0003,43340.0,19.4846814803185,79.0,125.75084280623699,69340644491.0,64.4654096116544,1.0,47.24235774176601,99.1,4.5,6.0,1.88369573425334,76160.71875,82.59200000000001,105.0,5.381359964791981,65138232.0,5.67227357004318,4.0,1050.0,65.0563647674618,United Kingdom,7.0,1.77055010073052,1.10886383851439,100.0,2.71164279467533,VeryHigh,VH,H,897,VH,1.3770714562839226,VH,16,True,True,Europe,False
IN,60.6,130.0,7.0,7679000.0,13.5,5.87242659466756,1332.0,26.0,1590.0,14.3871630753569,90.1,78.8413634784012,13750546786.0,65.5957625041251,4.3,70.2854092785034,62.6,29.0,21.1,4.9404349903359,14681.1298828125,32.747,191.5,4.2647240885152105,1311050527.0,4.207172307712121,12.9,1462.0,57.9523957633004,India,6.0,2.13200399202502,2.3795810403323903,94.1,6.23569955695278,Low,M,VH,85,H,0.006483350431542903,VL,4,True,False,Asia,False
BO,83.7,157.0,1.0,871000.0,57.9,4.0609637261445295,1440.0,45.1,3080.0,13.3335328407955,42.0,92.1838515991895,72885155.0,61.089326000109104,1.8,18.7036959572463,60.8,50.0,28.0,3.80361129895476,13276.2099609375,68.512,275.0,3.39441081682841,10724705.0,2.07842496236165,15.0,1745.0,62.937450052062594,Bolivia,0.0,1.5164103263377802,2.1226985356629102,90.0,5.4201237230788495,VeryLow,VL,M,4,L,0.03729706318262367,L,0,True,False,South America,False
PR,65.8,57.0,7.0,3246000.0,1.3,1.716046004332363,1300.0,79.46876882531001,25603.030303030304,27.282444194690342,32.0,87.09082845976879,30761610197.38806,66.6558881071492,2.5,34.84372214234526,99.3,6.0,15.0,1.5536051901175425,113956.203125,93.6,165.0,5.1,3474182.0,5.4,6.0,1350.0,56.40002387696422,Puerto Rico,10.0,5.218914292150971,-1.77072920142838,97.10735294117643,2.68041430859638,Medium,M,L,24,M,0.690810095729009,H,1,True,True,North America,True
CH,28.8,26.0,0.0,9158000.0,2.0,-1.1439150688469095,1660.0,87.97,84180.0,30.4302283166471,39.0,142.01424754904,53257659389.0,67.1827980001116,3.0,49.54615141507179,99.9,10.0,8.0,-0.137676713180397,93490.6328125,73.91199999999998,156.0,5.20602681019923,8286976.0,4.622662930722,6.0,1440.0,54.4001463114966,Switzerland,6.0,18.009203114598602,1.2856678658809098,100.0,1.06144205010071,High,M,M,60,H,0.7240276790954867,H,5,True,True,Europe,False
OM,22.9,70.0,8.0,1519000.0,3.2,0.0652901330289737,765.0,74.174165970433,16920.0,16.2523687791726,62.0,159.860555493156,230872191.0,76.89815102456471,4.0,16.4574143196472,97.3,7.0,9.0,-3.47457917968192,85342.6171875,77.641,157.0,4.35348555630651,4490541.0,4.85836500710455,5.0,700.0,30.8256069797907,Oman,1.0,1.1698071299004198,6.432153628152269,93.4,4.65738274725771,Medium,L,L,12,M,0.2672283807229463,M,0,True,False,Asia,False
GT,37.5,81.0,3.0,1455000.0,25.0,2.38872032839519,1355.0,27.100000000275003,3590.0,9.1520645827524,39.0,111.481299339149,229132333.0,58.530644842221,3.0,23.479576399394894,77.5,18.5,16.0,3.72792457114062,18030.150390625,51.57100000000001,158.0,3.48100296671286,16342897.0,3.8797778714377897,6.0,1445.0,84.95506915537041,Guatemala,9.0,1.79874866981389,2.91181643987516,92.8,5.84842323876617,Medium,L,M,7,M,0.04283206337285244,L,0,True,False,North America,False
TH,27.5,49.0,10.0,24810000.0,6.4,-0.8950214432220921,595.0,39.316126736500394,5620.0,28.3319276147695,37.0,125.810180201863,34992376969.0,71.8173577829067,2.7,16.7391873050294,89.9,27.5,13.0,0.212103501762911,23853.189453125,50.374,103.0,3.71945414554451,67959359.0,4.490343080990691,6.0,760.0,52.10927554291221,Thailand,3.0,1.78664927846014,2.75501737054843,97.8,0.62001090660803,Medium,VH,VH,275,VH,0.4046536106969461,H,8,True,False,Asia,False
TR,40.9,55.0,9.0,39811000.0,16.6,7.670853648458801,990.0,53.7449791423583,9950.0,9.640903350127893,63.0,96.0213486130337,2323079468.0,66.790794681757,4.5,7.12245120488495,98.3,7.5,14.0,2.98364698666565,56665.62109375,73.39699999999998,103.0,3.7822415527544506,78665830.0,4.48851984369824,8.0,1235.0,68.6535711648425,Turkey,3.0,2.3528966930059503,2.15419390175508,100.0,4.50075100346041,Medium,VH,VH,318,VH,0.4042415874846805,H,8,True,False,Asia,False
CO,69.7,54.0,9.0,2565000.0,7.5,5.00503065682111,2355.0,55.9049725142924,7130.0,6.32103458836457,102.0,115.744774275413,724222055.0,68.6742214760737,1.7,16.565435168166303,85.2,11.0,13.0,3.00361088613548,28119.349609375,76.436,73.0,3.53789480924606,48228704.0,3.6499939203262297,8.0,2470.0,63.5433146573199,Colombia,12.0,4.08860411568039,1.27130606761885,91.4,3.9461365011605,Medium,M,H,11,M,0.022807994177077618,VL,0,True,False,South America,False
BR,69.2,116.0,5.0,6430000.0,3.8,9.02723977356148,2322.8,59.079477910505,9850.0,5.88675439604074,43.6,126.592264521349,8848309553.0,69.12767901670689,4.0,62.0177128191917,88.0,83.0,17.0,-4.814640630313289,29169.8203125,85.68700000000003,425.7,2.93577572908432,207847528.0,2.70545754923315,11.0,2322.8,63.374739089875,Brazil,2.0,4.23020875522449,1.15192045628754,98.1,-3.99726589417649,Low,M,VH,102,H,0.04907443498678512,L,4,True,False,South America,False
RU,47.0,51.0,6.0,32421000.0,1.1,15.525328330206401,2400.5,73.41,11400.0,10.585044644139801,160.5,159.95148592408398,9842669328.0,69.88223879171859,2.0,46.9855601692336,77.0,10.5,19.4,-9.728186486075971,46902.87109375,74.008,263.5,3.59373194852624,144096812.0,3.938319804417581,4.4,2594.5,51.8685328584723,Russian Federation,6.0,0.488561556720579,0.306152069355534,96.9,-9.53334440878925,Medium,VH,VH,110,H,0.07633756671868633,M,4,True,True,Asia,False
JP,51.3,34.0,7.0,13413000.0,7.5,0.7863802188890091,829.3,93.329411063737,36680.0,8.22015788205914,97.7,125.053760696262,91529336519.0,60.8024906891831,0.6,54.27398730379871,100.0,10.2,11.0,-1.0685908134416702,72523.1796875,93.498,197.0,5.0341813333572905,126958472.0,5.40094223330098,8.0,1021.3,58.589645232367296,Japan,4.0,-0.00101584510775373,0.375046484797781,100.0,-1.20347117611638,Medium,H,VH,1214,VH,0.9562181876291013,H,20,True,True,Asia,False
QA,11.3,68.0,5.0,2826000.0,5.1,1.88358932902217,927.0,92.88482645354807,85430.0,27.423692769577197,90.0,153.586927990014,33285.0,83.2953602447934,2.8,7.807690809210171,98.0,8.5,16.0,3.42829334718479,173966.796875,99.244,57.0,5.4138656090999016,2235355.0,5.595322221488769,8.0,1050.0,21.889937189734397,Qatar,1.0,0.641599620768207,2.95786630986163,100.0,6.9120348991442295,Medium,M,L,15,M,0.6710343547221806,H,1,True,False,Asia,False
