country_code,IT.NET.USER.P2,SP.POP.TOTL,IC.REG.PROC,IC.LGL.CRED.XQ,name,SP.URB.TOTL.IN.ZS,NY.GNP.PCAP.CD,IC.WRH.DURS,IC.TAX.TOTL.CP.ZS,IC.ELC.TIME,IC.ISV.DURS,IQ.WEF.PORT.XQ,IQ.WEF.CUST.XQ,BG.GSR.NFSV.GD.ZS,NE.CON.PRVT.PC.KD.ZG,ST.INT.ARVL,IC.BUS.EASE.XQ,NE.CON.PETC.ZS,SH.H2O.SAFE.ZS,SL.GDP.PCAP.EM.KD,IC.REG.DURS,SP.URB.GROW,IC.IMP.DURS,TX.VAL.OTHR.ZS.WT,BX.KLT.DINV.WD.GD.ZS,TX.VAL.TECH.CD,SH.STA.ACSN.UR,SP.POP.1564.TO.ZS,IC.BUS.DISC.XQ,NE.CON.PRVT.KD.ZG,FP.CPI.TOTL.ZG,IC.REG.COST.PC.ZS,IT.CEL.SETS.P2,IC.IMP.COST.CD,IC.EXP.COST.CD,Ease.Of.Doing.Business,ST.INT.ARVL.Categorical,SP.POP.TOTL.Categorical,Num.Starbucks.Stores,Num.Starbucks.Stores.Categorical,Starbucks.Store.Density,Starbucks.Store.Density.Categorical,Num.Starbucks.Stores.On.Airports,Exists.In.Multiple.Cities,Ownership.Type.Mixed,continent,MultipleBrands,KMeans_labels,DBSCAN_labels,Heirarchical_labels
BE,85.0529,11285721.0,3.0,4.0,Belgium,97.858,44360.0,212.0,58.4,88.0,0.9,6.30819797368013,5.0350272947503605,47.73111271988829,0.812296462505202,7887000.0,43.0,51.48959348521149,100.0,98644.171875,4.0,0.525036715433591,8.0,59.897278462808714,-4.56263728668756,43698592018.0,99.5,64.8307418795963,8.0,1.30156477711898,0.5605939804664151,4.8,115.690785217498,1400.0,1240.0,Medium,M,M,19,M,0.1683543302195757,M,3,True,False,Europe,False,1,1,0
TT,69.198470608693,1360088.0,7.0,7.0,Trinidad and Tobago,8.445,18600.0,253.0,32.2,61.0,2.5,3.9988059712994506,3.07904708962287,27.282444194690342,-10.9194196050011,412000.0,88.0,61.216957850267,95.1,61845.41015625,11.5,-0.822835823416937,14.0,34.843722142345264,5.82112363364598,30761610197.38806,91.5,69.808277111481,4.0,-10.5507943412555,4.65817117272294,0.7,157.672735589372,1260.0,843.0,Medium,VL,L,1,VL,0.07352465428707554,L,0,False,False,North America,False,2,-1,1
OM,74.174165970433,4490541.0,5.0,1.0,Oman,77.641,16920.0,157.0,22.9,62.0,4.0,4.85836500710455,4.35348555630651,16.2523687791726,-3.47457917968192,1519000.0,70.0,30.8256069797907,93.4,85342.6171875,7.0,6.432153628152269,9.0,16.4574143196472,1.1698071299004198,230872191.0,97.3,76.89815102456471,8.0,4.65738274725771,0.0652901330289737,3.2,159.860555493156,700.0,765.0,Medium,L,L,12,M,0.2672283807229463,M,0,True,False,Asia,False,4,-1,0
AW,88.66122693249598,103889.0,6.489705882352941,5.573529411764706,Aruba,41.528,25603.030303030304,169.30441176470586,40.33676470588235,78.39117647058823,2.350746268656717,4.633316158977333,4.414026663961564,27.282444194690342,1.5536051901175425,1072000.0,55.64705882352941,56.40002387696422,98.1,65623.96818273207,15.73970588235294,-0.171375678812568,14.383823529411766,13.8213802435726,5.218914292150972,1663353.0,97.7,69.4674123343184,6.608823529411764,2.68041430859638,0.476485008378708,8.280882352941177,135.72177997670602,1283.2205882352941,1184.598529411765,,VL,VL,3,VL,2.8876974463128917,VH,0,True,False,South America,False,4,0,4
LU,97.3341,569676.0,6.0,3.0,Luxembourg,90.16,77000.0,157.0,20.1,56.0,2.0,4.68210018125631,5.58825263734591,286.377541660037,-2.20865303504434,1038000.0,61.0,29.404077716478806,100.0,201747.796875,18.5,2.6925595255396604,7.0,28.4348132395204,42.557943730753706,673934496.0,97.5,69.5849129798452,6.0,0.139278675738353,0.474513795285125,2.0,148.51056858489702,1420.0,1425.0,Medium,VL,VL,2,VL,0.3510767523996096,H,1,True,False,Europe,False,1,-1,0
LB,74.0,5850743.0,6.0,2.0,Lebanon,87.792,7930.0,244.0,30.3,75.0,3.0,3.85543440616492,3.04474746241714,62.3751540714647,3.0361738516818195,1355000.0,123.0,66.6074890081443,99.0,42497.58984375,15.0,4.30348620222381,30.0,31.1393247114975,4.97184276358149,38146559.0,80.7,67.8712942954425,9.0,7.417651606371419,-3.74889199850394,34.0,87.06623207425007,1365.0,1080.0,Low,L,M,29,M,0.4956635422201932,H,0,True,False,Asia,False,3,-1,2
SV,26.915075328277002,6126583.0,8.0,9.0,El Salvador,66.726,3940.0,108.0,38.7,61.0,3.5,4.01418199790152,3.4816227875257795,14.986803445657499,1.41319499769669,1345000.0,86.0,90.19504684683292,93.8,18404.509765625,16.5,1.01696270928846,10.0,39.1818452266767,2.00577222670921,183144061.0,82.4,64.7995954678162,3.0,1.7266313160085902,-0.730633669656778,42.7,145.255665964623,1035.0,1045.0,Medium,VL,M,10,M,0.1632231212733101,M,0,True,False,North America,False,3,-1,2
RO,55.7632,19832389.0,5.0,10.0,Romania,54.56399999999999,9500.0,257.0,42.0,182.0,3.3,3.41962983195342,4.032064312130379,16.595627345861,6.559355146398231,8442000.0,37.0,61.442305574537,100.0,37818.41015625,8.0,-0.0715551440211587,13.0,57.3356533386087,2.1862527755863703,3536097090.0,92.2,67.1654214752418,9.0,6.1494204626225,-0.593318715336016,2.0,107.140204125259,1495.0,1485.0,Medium,M,H,25,M,0.12605642214863777,M,1,True,False,Europe,False,4,-1,4
CR,59.762950137168104,4807850.0,9.0,10.0,Costa Rica,76.821,10210.0,118.0,58.0,45.0,3.0,3.1375910841660697,3.80135560972842,19.7020033494923,2.79690456329718,2527000.0,58.0,65.0889688218775,97.8,30870.919921875,24.0,2.23689115419704,14.0,48.414056982779705,5.88697454356537,30761610197.38806,95.2,68.7902908784592,2.0,3.91461430169515,0.796684980293882,11.1,150.662050596432,1070.0,1020.0,Medium,M,M,11,M,0.22879249560614412,M,0,True,False,North America,False,4,-1,4
AR,69.40092102179,43416755.0,14.0,2.0,Argentina,91.751,12460.0,341.0,137.4,92.0,2.8,3.82892558097839,2.05562960147858,5.45031827580552,3.9686854098955697,5931000.0,121.0,65.6650961274551,99.1,31734.80078125,25.0,1.17133810183968,30.0,48.999475513475296,2.05406979401888,1427075645.0,96.2,63.8792489212978,7.0,5.0251328864601,1.7160460043323633,9.7,143.90779684665,2320.0,1770.0,Low,M,H,105,H,0.24184211832505675,M,0,True,False,South America,False,2,-1,1
ES,78.6896,46418269.0,7.0,5.0,Spain,79.579,28520.0,205.0,50.0,107.0,1.5,5.65258103609085,4.56322118639946,15.2357368774215,3.239957838576,64995000.0,33.0,57.55214162173161,100.0,82548.1171875,14.0,0.147079371797633,9.0,34.289229361501306,1.92756936578596,14240904065.0,99.8,66.3288553181877,5.0,3.1008863923812697,-0.501190518268432,5.2,107.895185390203,1400.0,1310.0,Medium,VH,H,99,H,0.21327809531199882,M,7,True,False,Europe,False,4,-1,0
AU,84.560519347399,23781169.0,3.0,11.0,Australia,89.42299999999999,60070.0,112.0,47.6,75.0,1.0,4.98650344390443,5.16544415724344,7.9867014527888704,1.3151827037711998,6868000.0,13.0,56.875686338814106,100.0,86972.46875,2.5,1.49226714589492,8.0,22.8842645571676,2.7511165565959703,4237456601.0,100.0,66.257035710291,8.0,2.68431006195,1.5083667216591998,0.7,132.800509432285,1220.0,1200.0,High,M,H,22,M,0.09251017054712492,M,0,True,True,Oceania,False,1,1,0
MA,57.08,34377511.0,4.0,2.0,Morocco,60.195,3040.0,91.0,49.1,57.0,3.5,4.777542231764111,4.21691146918706,22.103760224429397,1.91730713354283,10283000.0,75.0,60.2872717402941,85.4,22027.830078125,10.0,2.16363582565592,14.0,35.18852639438521,3.148717277933569,869791832.0,84.1,66.6097001612479,6.0,3.29999999999997,1.5579071134629598,9.1,126.872321632911,970.0,595.0,Medium,H,H,8,M,0.023271027387643042,VL,1,True,False,Africa,False,3,-1,4
CN,50.3,1371220000.0,11.0,4.0,China,55.614,7820.0,244.3,67.8,143.2,1.7,4.54880485442716,4.21926270674083,6.95200426228442,8.581721655511231,55622000.0,84.0,37.4488163147878,95.5,21630.080078125,31.4,2.6968375359099994,24.0,43.9481119774895,2.2993623318512904,558605991980.0,86.6,73.21719297305549,10.0,9.13287760462384,1.4425553838224798,0.7,93.1614208936838,800.0,823.0,Medium,VH,VH,2561,VH,0.18676798763145228,M,8,True,True,Asia,False,0,-1,3
MY,71.06406781119571,30331007.0,3.0,7.0,Malaysia,74.705,10570.0,79.0,40.0,32.0,1.0,5.56585090511341,5.192853077051,25.2114590612639,4.46788166187564,27437000.0,18.0,54.1140898175953,98.2,54169.48046875,4.0,2.3592069050382203,8.0,35.387397982165496,3.7009010020379103,57257697127.0,96.1,69.0905512700149,10.0,5.966703493466411,2.10438980238348,6.7,143.912905658171,560.0,525.0,High,VH,H,226,VH,0.7451120894205722,H,10,True,True,Asia,False,1,-1,0
DE,87.5898,81413145.0,9.0,6.0,Germany,75.301,45790.0,96.0,48.8,28.0,1.2,5.609588206006629,4.70156070455428,16.758742817779602,1.49031669770419,32999000.0,15.0,54.0269341352986,100.0,84050.2421875,10.5,0.8056404775193499,7.0,52.1886349007234,1.37754006358597,184283164631.0,99.3,65.8735239308132,5.0,2.0300172186103502,0.234429944519196,1.8,116.712283291961,1050.0,1015.0,High,VH,VH,162,VH,0.19898506561808907,M,9,True,True,Europe,False,1,-1,0
US,74.55,321418820.0,6.0,11.0,United States,81.617,54960.0,80.6,43.9,89.6,1.5,5.72790978955242,4.88633307476574,6.906520734723519,2.29832425129027,75011000.0,7.0,68.3785743307682,99.2,109314.1015625,5.6,0.992929627258756,5.4,43.6964817572599,2.11419225813613,154353963992.0,100.0,66.2635851599661,7.4,3.10393100230088,0.11862713555231698,1.1,117.586744410658,1289.0,1224.0,VeryHigh,VH,VH,13486,VH,4.195771734834942,VH,184,True,True,North America,True,0,-1,3
BN,71.2,423188.0,7.0,4.0,Brunei Darussalam,77.202,25603.030303030304,119.0,8.7,56.0,2.5,4.633316158977333,4.414026663961564,14.796505782362,1.5536051901175425,201000.0,84.0,15.790712268591099,97.10735294117646,156737.59375,14.0,1.78748243112951,15.0,5.38555585476799,1.11827355665072,55449872.0,93.07391304347829,72.472281822736,4.0,2.68041430859638,-0.194426291746023,1.2,108.131115254388,770.0,705.0,Medium,VL,VL,5,L,1.1815079822679282,VH,0,True,False,Asia,False,4,-1,0
GB,92.0003,65138232.0,4.0,7.0,United Kingdom,82.59200000000001,43340.0,105.0,32.0,79.0,1.0,5.67227357004318,5.381359964791981,19.4846814803185,1.88369573425334,32613000.0,6.0,65.0563647674618,100.0,76160.71875,4.5,1.10886383851439,6.0,47.24235774176601,1.77055010073052,69340644491.0,99.1,64.4654096116544,10.0,2.71164279467533,0.0500208420171881,0.1,125.75084280623699,1050.0,1005.0,VeryHigh,VH,H,894,VH,1.3724658661291267,VH,16,True,True,Europe,False,1,-1,0
CO,55.9049725142924,48228704.0,8.0,12.0,Colombia,76.436,7130.0,73.0,69.7,102.0,1.7,3.6499939203262297,3.53789480924606,6.32103458836457,3.00361088613548,2565000.0,54.0,63.5433146573199,91.4,28119.349609375,11.0,1.27130606761885,13.0,16.565435168166303,4.08860411568039,724222055.0,85.2,68.6742214760737,9.0,3.9461365011605,5.00503065682111,7.5,115.744774275413,2470.0,2355.0,Medium,M,H,11,M,0.022807994177077618,VL,0,True,False,South America,False,2,-1,1
AT,83.9263,8611088.0,8.0,5.0,Austria,65.968,47120.0,223.0,51.7,23.0,1.1,4.01746178588202,5.08408188986224,27.844766220161,-0.419391677947615,25291000.0,21.0,53.1769164096792,100.0,87198.4765625,22.0,0.884836970481855,9.0,37.865758714444,1.53634190116866,19269819029.0,100.0,67.0332301646914,5.0,0.391014696320696,0.89656616390028,0.3,157.408263680185,1215.0,1150.0,High,VH,M,18,M,0.20903281908163057,M,1,True,True,Europe,False,4,2,0
IE,80.1224,4640703.0,4.0,7.0,Ireland,63.24100000000001,46680.0,149.5,25.9,85.0,0.4,5.32694156546342,5.662353540721692,126.93895334558701,2.94618095194087,8813000.0,17.0,44.187234010697786,97.9,103879.8984375,6.0,0.965245306284446,9.0,73.92138432425779,85.4814803011095,27633248893.0,89.1,65.079935543936,9.0,3.4696491468825696,-0.294599018003272,0.2,103.705486268251,1121.0,1160.0,High,M,M,71,H,1.5299406146008483,VH,1,True,False,Europe,False,1,1,0
NZ,88.22288881795002,4595700.0,1.0,12.0,New Zealand,86.28399999999998,40080.0,93.0,34.3,58.0,1.3,5.46662938293369,5.87797459898324,14.9651210086074,1.09480057553438,2772000.0,2.0,58.0079582193484,100.0,65439.9609375,0.5,1.9273125008761496,9.0,18.9385654664528,-0.314695049325897,600783726.0,93.07391304347829,64.9315914273209,10.0,2.6332640317614,0.22983702465524106,0.3,121.834585183696,825.0,870.0,VeryHigh,M,M,25,M,0.5439867702417477,H,0,True,False,Oceania,False,1,1,0
CY,71.7159,1165300.0,6.0,7.0,Cyprus,66.921,25930.0,617.0,24.4,137.0,1.5,4.42081545277646,4.58738410514698,74.55411681653759,1.51979417368958,2441000.0,47.0,69.6055756023413,100.0,45834.8203125,8.0,0.8577000423038709,5.0,45.38775474684901,27.1387640593163,26759530.0,100.0,70.60353557023942,8.0,0.408533100656669,-2.09699769053064,12.2,95.4003408617707,1010.0,865.0,Medium,M,VL,10,M,0.8581481163648845,H,0,True,False,Europe,False,4,0,4
GT,27.100000000275003,16342897.0,6.0,9.0,Guatemala,51.57100000000001,3590.0,158.0,37.5,39.0,3.0,3.8797778714377897,3.48100296671286,9.1520645827524,3.72792457114062,1455000.0,81.0,84.95506915537041,92.8,18030.150390625,18.5,2.91181643987516,16.0,23.479576399394894,1.79874866981389,229132333.0,77.5,58.530644842221,3.0,5.84842323876617,2.38872032839519,25.0,111.481299339149,1445.0,1355.0,Medium,L,M,7,M,0.04283206337285244,L,0,True,False,North America,False,3,-1,2
PT,68.6329,10348648.0,3.0,2.0,Portugal,63.468,20530.0,113.0,41.0,52.0,2.0,5.30474239696156,4.993646566795579,21.1057292783822,3.14404395121922,9092000.0,23.0,65.8723443934147,100.0,56078.078125,2.5,0.3810493064010301,13.0,28.845722050093197,-0.661324738335291,1902608832.0,99.6,65.1552111668212,6.0,2.6242708819250296,0.4872719272368111,2.2,110.411663924289,925.0,780.0,High,M,M,11,M,0.1062940782216189,M,2,True,False,Europe,False,4,0,4
DK,96.3305,5676002.0,4.0,8.0,Denmark,87.676,58590.0,64.0,24.5,38.0,1.0,5.75960258756365,5.05040136482309,39.0161430493463,1.54709603890156,10267000.0,3.0,47.9310497633745,100.0,87166.90625,3.0,0.773385050005967,5.0,27.448462586408702,0.5661434163688179,9318204877.0,99.6,64.1595524918413,7.0,2.1323776947709097,0.452034153691609,0.2,128.341937604507,745.0,795.0,VeryHigh,H,M,21,M,0.36997872798494436,H,3,True,False,Europe,False,1,1,0
EG,35.9,91508084.0,7.0,2.0,"Egypt, Arab Rep.",43.135,3340.0,179.0,45.0,64.0,2.5,4.32789273870071,3.7988276939264094,13.0703933417384,0.6862283006535961,9628000.0,131.0,82.2399744834966,99.4,36556.5390625,8.0,2.2830173968333303,15.0,14.8671125040101,2.0814529796691104,176345548.0,96.8,61.6194586699029,8.0,2.85373720375823,10.3574896480911,8.4,110.99155439173,790.0,625.0,Low,M,VH,31,M,0.03387678841576445,VL,0,True,False,Africa,False,3,-1,2
FI,92.6513,5482013.0,3.0,7.0,Finland,84.221,46360.0,64.0,37.9,42.0,0.9,6.3613692037987,5.944533875975949,21.8094054310431,1.0595483572841,13053279.411764706,10.0,55.434321011485395,100.0,82024.6328125,14.0,0.535086564267504,7.0,74.5077963423182,8.14183224598091,3632887080.0,99.4,63.1844856787288,6.0,1.43889784894003,-0.2071643707866,1.0,135.499960443849,625.0,615.0,VeryHigh,H,M,8,M,0.14593179549191146,M,2,True,False,Europe,False,1,1,0
PR,79.46876882531001,3474182.0,6.0,10.0,Puerto Rico,93.6,25603.030303030304,165.0,65.8,32.0,2.5,5.4,5.1,27.282444194690342,1.5536051901175425,3246000.0,57.0,56.40002387696422,97.10735294117646,113956.203125,6.0,-1.77072920142838,15.0,34.843722142345264,5.218914292150972,30761610197.38806,99.3,66.6558881071492,7.0,2.68041430859638,1.7160460043323633,1.3,87.09082845976879,1350.0,1300.0,Medium,M,L,24,M,0.690810095729009,H,1,True,True,North America,True,4,2,0
AE,91.2434057753709,9156963.0,6.0,2.0,United Arab Emirates,85.541,43170.0,43.5,15.9,32.0,3.2,6.47299124092085,5.99922177567608,27.282444194690342,-0.759301763726782,13053279.411764706,31.0,48.0810642235606,99.6,93187.28125,8.0,1.09845912171454,7.0,34.843722142345264,2.96409549042215,1555995856.0,98.0,84.92465242024021,10.0,-0.252547226128925,1.7160460043323633,6.2,187.34813818923598,625.0,665.0,High,H,M,144,VH,1.5725737889298013,VH,11,True,False,Asia,False,1,-1,0
MC,93.3633020180933,37731.0,6.489705882352941,5.573529411764706,Monaco,100.0,25603.030303030304,169.30441176470586,40.33676470588235,78.39117647058823,2.350746268656717,4.633316158977333,4.414026663961564,27.282444194690342,1.5536051901175425,329000.0,55.64705882352941,56.40002387696422,100.0,65623.96818273207,15.73970588235294,0.28664722231057,14.383823529411766,34.843722142345264,5.218914292150972,30761610197.38806,100.0,67.67784916750544,6.608823529411764,2.68041430859638,1.7160460043323633,8.280882352941177,88.7787056367432,1283.2205882352941,1184.598529411765,,VL,VL,2,VL,5.300681137526172,VH,0,False,False,Europe,False,4,2,0
JP,93.329411063737,126958472.0,8.0,4.0,Japan,93.498,36680.0,197.0,51.3,97.7,0.6,5.40094223330098,5.0341813333572905,8.22015788205914,-1.0685908134416702,13413000.0,34.0,58.589645232367296,100.0,72523.1796875,10.2,0.375046484797781,11.0,54.27398730379871,-0.00101584510775373,91529336519.0,100.0,60.8024906891831,7.0,-1.20347117611638,0.7863802188890091,7.5,125.053760696262,1021.3,829.3,Medium,H,VH,1214,VH,0.9562181876291013,H,20,True,True,Asia,False,1,-1,0
KW,82.0791147627883,3892115.0,12.0,2.0,Kuwait,98.342,40930.0,216.0,13.0,64.0,4.2,3.97652574155642,3.4955462948135696,26.4618534156616,-1.53420503916233,13053279.411764706,101.0,28.234627105431,99.0,158302.296875,31.0,3.65276650738016,20.0,49.882481548226096,0.252321313899053,5333902.0,100.0,75.7057795054874,4.0,2.83417481290506,3.27170248115385,2.3,231.763194665177,1250.0,1085.0,Low,H,L,101,H,2.5949901274756786,VH,2,True,False,Asia,False,4,-1,0
BG,56.6563,7177991.0,4.0,9.0,Bulgaria,73.94800000000002,7220.0,110.0,27.0,130.0,3.3,3.90517836183174,3.80427816708883,25.667288408657498,1.39790952181222,7311000.0,38.0,60.930601128938996,99.4,40287.21875,18.0,-0.201681158162558,17.0,28.020760666350398,3.62359194741346,1107680340.0,86.8,65.8285064995643,10.0,0.7529801565825379,-0.104872332816556,0.7,129.27171496494802,1365.0,1375.0,Medium,M,M,5,L,0.06965737349071627,L,0,True,False,Europe,False,4,0,4
IN,26.0,1311050527.0,12.9,6.0,India,32.747,1590.0,191.5,60.6,90.1,4.3,4.207172307712121,4.2647240885152105,14.3871630753569,4.9404349903359,7679000.0,130.0,57.9523957633004,94.1,14681.1298828125,29.0,2.3795810403323903,21.1,70.2854092785034,2.13200399202502,13750546786.0,62.6,65.5957625041251,7.0,6.23569955695278,5.87242659466756,13.5,78.8413634784012,1462.0,1332.0,Low,M,VH,85,H,0.006483350431542903,VL,4,True,False,Asia,False,3,-1,2
TH,39.316126736500394,67959359.0,6.0,3.0,Thailand,50.374,5620.0,103.0,27.5,37.0,2.7,4.490343080990691,3.71945414554451,28.3319276147695,0.212103501762911,24810000.0,49.0,52.10927554291221,97.8,23853.189453125,27.5,2.75501737054843,13.0,16.7391873050294,1.78664927846014,34992376969.0,89.9,71.8173577829067,10.0,0.62001090660803,-0.8950214432220921,6.4,125.810180201863,760.0,595.0,Medium,VH,VH,275,VH,0.4046536106969461,H,8,True,False,Asia,False,4,-1,4
FR,84.6945,66808385.0,5.0,4.0,France,79.52,40580.0,183.0,62.7,71.0,1.9,5.28086048427381,4.75982819607383,19.4946413209084,1.07430512479401,83767000.0,27.0,55.1424210409176,100.0,89700.703125,4.0,0.759686266319713,11.0,55.7270825360301,1.82445062255562,132183573785.0,98.6,62.395955794630794,9.0,1.5492237629050702,0.0378037334443199,0.8,102.613158472136,1445.0,1335.0,High,VH,VH,124,H,0.18560544458603512,M,9,True,True,Europe,False,1,-1,0
KH,19.0,15577899.0,7.0,11.0,Cambodia,20.723000000000006,1070.0,652.0,21.0,179.0,6.0,3.70597026241813,3.06467625046991,33.928059752326796,6.067105006519611,4503000.0,127.0,79.0245381245988,75.5,5475.60009765625,87.0,2.6299639227872698,24.0,8.55281657225255,9.423672629851849,30874012.0,88.1,64.27977867875511,5.0,7.79540636995633,1.22127006080708,78.7,133.000347833098,930.0,795.0,Low,M,M,3,VL,0.01925805270659413,VL,1,False,False,Asia,False,3,-1,2
BR,59.079477910505,207847528.0,11.0,2.0,Brazil,85.68700000000003,9850.0,425.7,69.2,43.6,4.0,2.70545754923315,2.93577572908432,5.88675439604074,-4.814640630313289,6430000.0,116.0,63.374739089875,98.1,29169.8203125,83.0,1.15192045628754,17.0,62.0177128191917,4.23020875522449,8848309553.0,88.0,69.12767901670689,5.0,-3.99726589417649,9.02723977356148,3.8,126.592264521349,2322.8,2322.8,Low,M,VH,102,H,0.04907443498678512,L,4,True,False,South America,False,2,-1,1
MX,57.4310429923633,127017224.0,6.0,10.0,Mexico,79.24600000000002,9710.0,86.4,51.7,78.9,1.8,4.30643171158071,3.97704834212905,4.7771806631298785,1.83433687331632,29346000.0,38.0,67.1493033959856,96.1,39052.75,6.3,1.64032923196431,11.2,2.4461769294377698,2.64648833427846,45780911356.0,88.0,65.92757451540591,8.0,3.15930012228316,2.7206412625697403,17.9,85.30441670704991,1887.6,1499.3,Medium,VH,VH,563,VH,0.44324697255232093,H,12,True,False,North America,False,4,-1,4
PE,40.9,31376670.0,6.0,8.0,Peru,78.609,6200.0,174.0,35.9,67.0,3.1,3.64610388441519,3.8143989478999902,7.19710649532563,2.06262089840558,3215000.0,50.0,63.5229073273413,86.7,22259.0703125,26.0,1.70741862973094,17.0,5.08591771395399,3.57197563790474,195064245.0,82.5,65.2792377266294,9.0,3.39230533700918,3.55539624684232,9.8,109.86690581902799,1010.0,890.0,Medium,M,H,84,H,0.26771483398333856,M,0,True,False,South America,False,3,-1,2
AD,96.91,70473.0,6.489705882352941,5.573529411764706,Andorra,85.115,25603.030303030304,169.30441176470586,40.33676470588235,78.39117647058823,2.350746268656717,4.633316158977333,4.414026663961564,27.282444194690342,1.5536051901175425,2363000.0,55.64705882352941,56.40002387696422,100.0,65623.96818273207,15.73970588235294,-3.83656183110664,14.383823529411766,34.843722142345264,5.218914292150972,16200929.0,100.0,67.67784916750544,6.608823529411764,2.68041430859638,1.7160460043323633,8.280882352941177,88.12353304508959,1283.2205882352941,1184.598529411765,,L,VL,1,VL,1.4189831566699302,VH,0,False,False,Europe,False,4,2,0
CH,87.97,8286976.0,6.0,6.0,Switzerland,73.91199999999998,84180.0,156.0,28.8,39.0,3.0,4.622662930722,5.20602681019923,30.4302283166471,-0.137676713180397,9158000.0,26.0,54.4001463114966,100.0,93490.6328125,10.0,1.2856678658809098,8.0,49.54615141507179,18.009203114598602,53257659389.0,99.9,67.1827980001116,0.0,1.06144205010071,-1.1439150688469095,2.0,142.01424754904,1440.0,1660.0,High,M,M,60,H,0.7240276790954867,H,5,True,True,Europe,False,1,-1,0
QA,92.88482645354807,2235355.0,8.0,1.0,Qatar,99.244,85430.0,57.0,11.3,90.0,2.8,5.595322221488769,5.4138656090999016,27.423692769577197,3.42829334718479,2826000.0,68.0,21.889937189734397,100.0,173966.796875,8.5,2.95786630986163,16.0,7.807690809210171,0.641599620768207,33285.0,98.0,83.2953602447934,5.0,6.9120348991442295,1.88358932902217,5.1,153.586927990014,1050.0,927.0,Medium,M,L,17,M,0.7605056020184714,H,1,True,False,Asia,False,1,-1,0
CW,70.17643580788828,158040.0,6.489705882352941,5.573529411764706,Curacao,89.331,25603.030303030304,169.30441176470586,40.33676470588235,78.39117647058823,2.350746268656717,4.633316158977333,4.414026663961564,27.282444194690342,1.5536051901175425,452000.0,55.64705882352941,56.40002387696422,97.10735294117646,65623.96818273207,15.73970588235294,1.2473077662438998,14.383823529411766,49.095511379754285,5.218914292150972,30761610197.38806,93.07391304347829,66.1825792128649,6.608823529411764,2.68041430859638,1.7160460043323633,8.280882352941177,114.152727361169,1283.2205882352941,1184.598529411765,,VL,VL,3,VL,1.8982536066818527,VH,0,False,False,South America,False,4,0,4
ID,21.976067711347604,257563815.0,13.0,5.0,Indonesia,53.742,3440.0,210.2,29.7,79.0,1.9,3.81293197439072,3.89725387172496,6.40902620712216,3.5787248573119403,9435000.0,109.0,55.438986462809886,87.4,21182.619140625,47.8,2.5990683598517794,26.0,37.6049551573413,1.7992283124268,4980582046.0,72.3,67.13388369402739,10.0,4.84429389289987,6.3631211311561,19.9,132.34821009376,646.8,571.8,Low,M,VH,261,VH,0.10133411015052717,M,20,True,False,Asia,False,3,-1,2
SA,69.61623580140039,31540372.0,12.0,2.0,Saudi Arabia,83.13,23550.0,106.0,15.0,61.0,2.350746268656717,4.843094238473308,4.44128084298637,16.2033409690251,3.77752582228572,18259000.0,82.0,40.8175910327607,97.0,143967.5,19.0,2.34047302082823,17.0,1.94455736564062,1.26021720473873,254366095.0,100.0,68.5556815880295,8.0,6.13303561186298,2.18463706835827,4.1,176.588813181571,1309.0,1285.0,Medium,VH,H,93,H,0.29486018744484055,M,8,True,False,Asia,False,4,-1,0
AZ,77.0,9651349.0,2.0,2.0,Azerbaijan,54.62,6560.0,203.0,39.8,87.0,1.5,4.25990581881622,3.20245570720079,24.72675607787,1.5536051901175425,2160000.0,63.0,55.81164297239661,87.0,34885.98828125,3.0,1.69837546048341,25.0,13.0014535163044,7.630251081374959,32605511.0,91.6,72.4553638068118,10.0,2.68041430859638,4.1719657260102885,1.2,111.28263171802,3450.0,3460.0,Medium,L,M,4,L,0.04144498349401726,L,0,True,False,Europe,False,2,-1,1
NL,93.0965,16936520.0,4.0,3.0,Netherlands,90.496,48940.0,161.0,41.0,110.0,1.1,6.76641877324958,5.50814908568622,38.9148505346942,1.08988687395683,13925000.0,28.0,44.4456888878409,100.0,85121.4609375,4.0,1.07277458145862,6.0,69.4067520726555,8.96380951647253,70308349003.0,97.5,65.2462589355619,4.0,1.51853416485228,0.6002481472788149,4.6,123.538429708276,975.0,915.0,High,H,M,57,H,0.3365508380706308,M,6,True,True,Europe,False,1,1,0
NO,96.8103,5195921.0,4.0,5.0,Norway,80.473,93820.0,110.5,39.5,66.0,0.9,5.532298956977,5.2637279518066915,22.2823556507968,0.823710627992227,4855000.0,9.0,42.6295795283697,100.0,124554.5,4.0,1.4658073989056102,7.0,36.9363935282231,-1.54054441403073,4729878109.0,98.0,65.6985354157875,7.0,1.9755454590931296,2.1736483195324,0.9,113.577045532412,1140.0,1265.0,VeryHigh,M,M,17,M,0.3271797242490792,M,1,True,False,Europe,False,1,1,0
VN,52.720000000054995,91703800.0,10.0,7.0,Vietnam,33.593,1980.0,166.0,39.4,59.0,5.0,3.9138168440308703,3.57841460871142,13.791366545095,8.16772015948621,7874000.0,90.0,65.198918806443,97.6,8914.3203125,20.0,2.99839908277346,21.0,34.843722142345264,6.09506087011688,30863791585.0,94.4,70.1698056432717,7.0,9.33000373598149,0.6306121050106379,4.9,130.63968578799802,600.0,610.0,Medium,M,VH,22,M,0.02399028175495454,VL,0,True,False,Asia,False,3,-1,2
BH,93.4783011354165,1377237.0,7.0,1.0,Bahrain,88.775,20350.0,145.0,13.5,85.0,2.5,5.398831135211611,4.9181731134358,14.633092394720302,2.0370020125126698,10452000.0,65.0,41.0040854808297,100.0,82563.7265625,9.0,1.1807126498546598,15.0,30.3429027113236,-4.53972173981947,46729049.0,99.2,76.11420547080859,8.0,2.98241709325617,1.83599369733479,0.8,185.261957188434,870.0,810.0,Medium,H,L,20,M,1.4521828850081722,VH,0,True,False,Asia,False,1,-1,0
GR,66.835,10823732.0,5.0,3.0,Greece,78.007,20290.0,124.0,49.6,51.0,3.5,4.59361881178025,4.14406855427034,22.1160928943541,0.929370795720658,22033000.0,60.0,70.31290984956121,100.0,72823.7578125,13.0,-0.209887775301411,14.0,11.772052243503401,-0.148241142178137,1137916585.0,99.2,64.001114781101,7.0,0.292970935045105,-1.73590236566741,2.2,113.983743958767,1135.0,1040.0,Medium,VH,M,28,M,0.2586908101567925,M,0,True,False,Europe,False,4,0,4
PA,51.20542499486871,3929141.0,5.0,7.0,Panama,66.592,12050.0,98.0,37.2,35.0,2.5,6.2523900092764295,4.1455748354451,30.1803356241228,2.882935845252549,1745000.0,69.0,50.8591069017483,94.7,43690.140625,6.0,2.03189780855764,9.0,7.58032622603186,11.049006351240301,457.0,83.5,65.2031576367455,4.0,4.555044464888099,0.125526142884625,6.3,174.19431846506401,1030.0,665.0,Medium,L,L,4,L,0.10180342217293806,M,0,False,False,North America,False,4,-1,4
PH,40.7,100699395.0,16.0,3.0,Philippines,44.37300000000001,3540.0,98.0,42.9,42.0,2.7,3.22093564033508,3.45361617088318,17.8415678326284,4.5221728317741,4833000.0,103.0,73.09195094322601,91.8,16456.279296875,29.0,1.3031718818556,15.0,72.53042502619151,1.96058055211356,26192288870.0,77.9,63.47181926961921,2.0,6.16762807986558,1.4336917562724,16.1,118.12554373554701,915.0,755.0,Low,M,VH,293,VH,0.29096500530117386,M,4,True,False,Asia,False,3,-1,2
PL,67.997,37999494.0,4.0,7.0,Poland,60.539,13370.0,156.0,40.3,133.0,3.0,4.02132478290134,4.35851422784409,16.029836156531598,3.05724009885724,16000000.0,25.0,58.655883457302295,98.3,53736.69140625,30.0,-0.0801000106658284,14.0,48.204762780433995,1.54870623279037,13444666348.0,97.5,69.52039576301479,7.0,3.0240523562811603,-0.9913003663003628,12.2,148.706552821045,1025.0,1050.0,High,H,H,48,H,0.12631747149054143,M,0,True,False,Europe,False,4,0,4
JO,53.4,7594547.0,7.0,0.0,Jordan,83.679,4680.0,63.0,29.5,50.0,3.0,3.99527342876831,4.46941326748241,28.7967712342621,5.750565732329428,3990000.0,113.0,80.4837840902537,96.9,41084.62109375,12.0,2.65557868256281,15.0,8.123122092331,3.39785907989241,80053130.0,98.6,60.6886757037648,4.0,8.29539552493755,-0.872897594209062,20.7,179.433012213645,1235.0,825.0,Low,M,M,17,M,0.22384481918408036,M,4,True,False,Asia,False,3,-1,2
BS,78.0,388019.0,8.0,6.0,"Bahamas, The",82.874,21310.0,180.0,33.7,67.0,3.0,4.633316158977333,4.414026663961564,45.112476943694,-0.393859845574354,1427000.0,106.0,70.00738693058821,98.4,45522.6796875,28.5,1.37585537599846,13.0,7.593576456696909,0.8562879341576421,0.0,92.0,70.7983371948281,2.0,0.89719699201703,1.50446439884784,10.9,80.29307261791409,1770.0,1005.0,Low,L,VL,10,M,2.5771933848600197,VH,1,False,False,North America,False,4,-1,4
KR,89.8962557995106,50617045.0,3.0,5.0,"Korea, Rep.",82.47399999999998,27440.0,28.0,33.2,18.0,1.5,5.23480620384216,4.48495185375214,15.3469937684602,1.76500650947003,14202000.0,4.0,49.3376423520852,97.10735294117646,68415.7578125,4.0,0.520524297978175,7.0,48.123312354468794,0.365926294028936,133447400828.0,100.0,72.88038107714209,7.0,2.15469837530864,0.7061628760088001,14.5,118.461917184148,695.0,670.0,VeryHigh,H,H,955,VH,1.886716223754271,VH,13,True,False,Asia,False,1,1,0
ZA,51.919115722747,54956920.0,6.0,5.0,South Africa,64.801,6050.0,141.0,28.8,226.0,2.0,4.8698816997033605,3.94892766652284,9.777812992656287,-0.0611481251470423,9549000.0,73.0,61.1857368402985,93.2,44046.6796875,46.0,2.4272604808597498,21.0,19.587092296637106,0.5035748827707671,2488862532.0,69.6,65.7274089681035,8.0,1.5994997099451798,4.58827104223609,0.3,159.272837713728,2080.0,1830.0,Medium,M,H,3,VL,0.00545882120031472,VL,0,True,False,Africa,False,2,-1,1
SK,85.019514056785,5424050.0,6.0,7.0,Slovak Republic,53.598,17310.0,286.0,51.2,121.0,4.0,3.1649936813342405,4.4732406190679015,18.453927239883,2.2649140058558,13053279.411764706,29.0,55.6424425009094,100.0,59745.76171875,11.5,-0.196595130229943,16.0,38.2463402853558,2.48283551118229,6720319370.0,99.4,71.0312889656187,3.0,2.36684583435137,-0.32521977742810404,1.5,122.310164241156,1505.0,1525.0,High,H,M,2,VL,0.036872816437901565,L,0,False,False,Europe,False,4,0,4
RU,73.41,144096812.0,4.4,6.0,Russian Federation,74.008,11400.0,263.5,47.0,160.5,2.0,3.938319804417581,3.59373194852624,10.585044644139801,-9.728186486075971,32421000.0,51.0,51.8685328584723,96.9,46902.87109375,10.5,0.306152069355534,19.4,46.9855601692336,0.488561556720579,9842669328.0,77.0,69.88223879171859,6.0,-9.53334440878925,15.525328330206401,1.1,159.95148592408398,2594.5,2400.5,Medium,VH,VH,110,H,0.07633756671868633,M,4,True,True,Asia,False,2,-1,1
KZ,72.8660129673921,17544126.0,4.0,4.0,Kazakhstan,53.247,11580.0,154.0,29.2,83.0,1.5,2.91224895204817,4.22222227369036,8.41172124761894,-3.2038349953965097,4560000.0,41.0,52.1115092302244,92.9,46768.8203125,5.0,1.3828619903551698,67.0,14.1138500719188,2.18089212105646,3321231321.0,97.0,66.5468630019269,9.0,-1.7608709512731102,6.71830657978647,0.1,187.17390180476397,5265.0,5285.0,Medium,M,M,6,L,0.03419948078348275,VL,0,True,False,Asia,False,2,-1,1
CL,64.289,17948141.0,7.0,4.0,Chile,89.53,14060.0,152.0,28.9,30.0,3.2,4.906070467597202,4.89512331198293,9.727013825491438,0.40438824296119,3674000.0,48.0,64.36766571804209,99.0,47811.23828125,5.5,1.23341618347645,12.0,31.566261377143306,8.51619263198515,531985652.0,100.0,68.8500552787055,8.0,1.45290379319083,4.3488672829163,0.7,129.47039013812798,860.0,910.0,Medium,M,M,93,H,0.518159513010289,H,3,True,False,South America,False,4,0,4
TR,53.7449791423583,78665830.0,8.0,3.0,Turkey,73.39699999999998,9950.0,103.0,40.9,63.0,4.5,4.48851984369824,3.7822415527544506,9.640903350127893,2.98364698666565,39811000.0,55.0,68.6535711648425,100.0,56665.62109375,7.5,2.15419390175508,14.0,7.12245120488495,2.3528966930059503,2323079468.0,98.3,66.790794681757,9.0,4.50075100346041,7.670853648458801,16.6,96.0213486130337,1235.0,990.0,Medium,VH,VH,318,VH,0.4042415874846805,H,8,True,False,Asia,False,4,-1,4
SE,90.6102,9798871.0,3.0,6.0,Sweden,85.815,57810.0,116.0,49.1,52.0,2.0,5.6200675707597005,5.3076898061312185,26.5988548583931,1.54331380155912,5660000.0,8.0,45.19915622882901,100.0,87961.296875,7.0,1.2291814372673,6.0,60.566325597333496,3.21801431530588,14933994823.0,99.3,62.7731014069742,8.0,2.61948687195147,-0.0467847449833748,0.5,130.379405239366,735.0,725.0,VeryHigh,M,M,18,M,0.18369463175910775,M,3,True,False,Europe,False,1,1,0
CA,88.47,35851774.0,2.0,9.0,Canada,81.828,47500.0,249.0,21.1,137.0,0.8,5.458973778439112,4.97514409372362,11.2897712068532,1.00561676145313,16537000.0,14.0,57.5106590671652,99.8,82523.84375,1.5,1.08089742647713,10.0,51.5538262627615,3.5913623148067897,26268767511.0,100.0,67.8921634982731,8.0,1.8812004341879696,1.12524136094334,0.4,81.9305877629189,1680.0,1680.0,High,VH,H,1452,VH,4.05000879454389,VH,37,True,True,North America,True,1,-1,0
CZ,81.2986,10551219.0,8.0,7.0,Czech Republic,72.992,18050.0,247.0,50.4,110.0,2.1,3.60368441648261,4.63284173289011,23.3092079388909,2.53722787623978,10617000.0,36.0,47.65625209622561,100.0,55939.75,15.0,0.208526089873794,17.0,47.619743204867,1.36324474737331,20074338041.0,99.1,66.8821170374875,2.0,2.78927117320795,0.34478243791717,6.7,129.21056392003,1215.0,1240.0,Medium,H,M,26,M,0.2464170253692962,M,0,True,False,Europe,False,4,0,4
BO,45.1,10724705.0,15.0,0.0,Bolivia,68.512,3080.0,275.0,83.7,42.0,1.8,2.07842496236165,3.39441081682841,13.3335328407955,3.80361129895476,871000.0,157.0,62.937450052062594,90.0,13276.2099609375,50.0,2.1226985356629102,28.0,18.7036959572463,1.5164103263377802,72885155.0,60.8,61.089326000109104,1.0,5.4201237230788495,4.0609637261445295,57.9,92.1838515991895,1745.0,1440.0,VeryLow,VL,M,4,L,0.03729706318262367,L,0,True,False,South America,False,3,-1,2
HU,72.8347,9844686.0,4.0,10.0,Hungary,71.227,12990.0,179.0,48.4,252.0,2.0,3.37181916971729,4.66866318950914,31.255063353609295,2.09107429138493,12140000.0,42.0,50.31428542483941,100.0,56301.359375,5.0,0.421246651401508,19.0,49.0323979292429,-0.8008901582134209,11759507186.0,97.8,67.6233936744744,2.0,1.81643269322666,-0.07028247573758299,7.3,118.91166491581998,845.0,885.0,Medium,H,M,14,M,0.14220870020638546,M,0,False,False,Europe,False,4,0,4
SG,82.103,5535002.0,3.0,8.0,Singapore,100.0,52090.0,26.0,18.4,31.0,0.8,6.66474054019626,6.160622924420888,96.70033220930559,1.1648346566794698,11864000.0,1.0,36.43808794955,100.0,138814.796875,2.5,1.1863769374982198,4.0,36.2232683619976,22.2937718803364,137369116389.0,100.0,72.7763243833583,10.0,2.48696447294438,-0.541666666666702,0.6,146.1398082816,440.0,460.0,,H,M,125,VH,2.2583551008653657,VH,6,True,False,Asia,False,1,-1,0
