,US,CN
0,231,498.0
1,179,228.0
2,158,110.0
3,156,106.0
4,153,101.0
5,135,100.0
6,126,88.0
7,114,75.0
8,106,71.0
9,92,65.0
10,89,55.0
11,88,54.0
12,85,39.0
13,80,39.0
14,78,38.0
15,63,30.0
16,60,30.0
17,60,30.0
18,59,26.0
19,58,25.0
20,57,25.0
21,54,24.0
22,54,23.0
23,51,21.0
24,47,20.0
25,47,19.0
26,46,19.0
27,45,18.0
28,42,17.0
29,42,17.0
30,42,16.0
31,40,15.0
32,40,14.0
33,40,14.0
34,39,13.0
35,39,13.0
36,37,13.0
37,37,12.0
38,37,11.0
39,37,11.0
40,36,11.0
41,36,10.0
42,35,10.0
43,35,10.0
44,35,9.0
45,33,9.0
46,32,8.0
47,32,8.0
48,31,8.0
49,31,7.0
50,31,7.0
51,29,7.0
52,29,7.0
53,29,7.0
54,28,7.0
55,28,6.0
56,28,6.0
57,28,6.0
58,27,6.0
59,27,6.0
60,27,5.0
61,27,5.0
62,27,5.0
63,26,5.0
64,26,5.0
65,25,4.0
66,25,4.0
67,25,4.0
68,24,4.0
69,24,4.0
70,24,4.0
71,24,4.0
72,23,4.0
73,23,4.0
74,23,4.0
75,23,4.0
76,22,3.0
77,22,3.0
78,22,3.0
79,21,3.0
80,21,3.0
81,21,3.0
82,21,3.0
83,21,3.0
84,21,3.0
85,21,3.0
86,21,3.0
87,21,3.0
88,20,3.0
89,20,3.0
90,20,3.0
91,19,3.0
92,19,3.0
93,19,3.0
94,19,3.0
95,19,3.0
96,19,3.0
97,19,3.0
98,19,3.0
99,19,2.0
100,19,2.0
101,19,2.0
102,19,2.0
103,19,2.0
104,18,2.0
105,18,2.0
106,18,2.0
107,18,2.0
108,18,2.0
109,18,2.0
110,18,2.0
111,18,2.0
112,18,2.0
113,18,2.0
114,18,2.0
115,18,2.0
116,17,2.0
117,17,2.0
118,17,2.0
119,17,2.0
120,17,2.0
121,17,2.0
122,17,2.0
123,17,2.0
124,16,2.0
125,16,2.0
126,16,2.0
127,16,2.0
128,16,2.0
129,16,2.0
130,16,2.0
131,16,1.0
132,16,1.0
133,16,1.0
134,16,1.0
135,16,1.0
136,15,1.0
137,15,1.0
138,15,1.0
139,15,1.0
140,15,1.0
141,15,1.0
142,15,1.0
143,15,1.0
144,15,1.0
145,15,1.0
146,15,1.0
147,15,1.0
148,15,1.0
149,15,1.0
150,15,1.0
151,14,1.0
152,14,1.0
153,14,1.0
154,14,1.0
155,14,1.0
156,14,1.0
157,14,1.0
158,14,1.0
159,14,1.0
160,14,1.0
161,14,1.0
162,14,1.0
163,14,1.0
164,14,1.0
165,14,1.0
166,13,1.0
167,13,1.0
168,13,1.0
169,13,1.0
170,13,1.0
171,13,1.0
172,13,1.0
173,13,1.0
174,13,1.0
175,13,1.0
176,13,1.0
177,13,1.0
178,13,1.0
179,12,1.0
180,12,1.0
181,12,1.0
182,12,1.0
183,12,1.0
184,12,1.0
185,12,1.0
186,12,1.0
187,12,1.0
188,12,1.0
189,12,1.0
190,12,1.0
191,12,1.0
192,12,
193,12,
194,12,
195,12,
196,12,
197,12,
198,12,
199,12,
200,12,
201,12,
202,12,
203,11,
204,11,
205,11,
206,11,
207,11,
208,11,
209,11,
210,11,
211,11,
212,11,
213,11,
214,11,
215,11,
216,11,
217,11,
218,11,
219,11,
220,11,
221,11,
222,11,
223,11,
224,11,
225,11,
226,10,
227,10,
228,10,
229,10,
230,10,
231,10,
232,10,
233,10,
234,10,
235,10,
236,10,
237,10,
238,10,
239,10,
240,10,
241,10,
242,10,
243,10,
244,10,
245,10,
246,10,
247,10,
248,10,
249,10,
250,10,
251,10,
252,10,
253,10,
254,10,
255,10,
256,10,
257,10,
258,10,
259,10,
260,9,
261,9,
262,9,
263,9,
264,9,
265,9,
266,9,
267,9,
268,9,
269,9,
270,9,
271,9,
272,9,
273,9,
274,9,
275,9,
276,9,
277,9,
278,9,
279,9,
280,9,
281,9,
282,9,
283,9,
284,9,
285,9,
286,9,
287,9,
288,9,
289,9,
290,9,
291,9,
292,9,
293,9,
294,9,
295,9,
296,9,
297,9,
298,9,
299,9,
300,9,
301,9,
302,9,
303,9,
304,9,
305,9,
306,9,
307,9,
308,9,
309,8,
310,8,
311,8,
312,8,
313,8,
314,8,
315,8,
316,8,
317,8,
318,8,
319,8,
320,8,
321,8,
322,8,
323,8,
324,8,
325,8,
326,8,
327,8,
328,8,
329,8,
330,8,
331,8,
332,8,
333,8,
334,8,
335,8,
336,8,
337,8,
338,8,
339,8,
340,8,
341,8,
342,8,
343,8,
344,8,
345,8,
346,8,
347,8,
348,8,
349,8,
350,8,
351,8,
352,8,
353,8,
354,8,
355,8,
356,8,
357,8,
358,8,
359,8,
360,8,
361,8,
362,8,
363,8,
364,7,
365,7,
366,7,
367,7,
368,7,
369,7,
370,7,
371,7,
372,7,
373,7,
374,7,
375,7,
376,7,
377,7,
378,7,
379,7,
380,7,
381,7,
382,7,
383,7,
384,7,
385,7,
386,7,
387,7,
388,7,
389,7,
390,7,
391,7,
392,7,
393,7,
394,7,
395,7,
396,7,
397,7,
398,7,
399,7,
400,7,
401,7,
402,7,
403,7,
404,7,
405,7,
406,7,
407,7,
408,7,
409,7,
410,7,
411,7,
412,7,
413,7,
414,7,
415,7,
416,7,
417,7,
418,7,
419,7,
420,7,
421,7,
422,7,
423,7,
424,7,
425,7,
426,7,
427,7,
428,7,
429,7,
430,7,
431,7,
432,7,
433,7,
434,7,
435,6,
436,6,
437,6,
438,6,
439,6,
440,6,
441,6,
442,6,
443,6,
444,6,
445,6,
446,6,
447,6,
448,6,
449,6,
450,6,
451,6,
452,6,
453,6,
454,6,
455,6,
456,6,
457,6,
458,6,
459,6,
460,6,
461,6,
462,6,
463,6,
464,6,
465,6,
466,6,
467,6,
468,6,
469,6,
470,6,
471,6,
472,6,
473,6,
474,6,
475,6,
476,6,
477,6,
478,6,
479,6,
480,6,
481,6,
482,6,
483,6,
484,6,
485,6,
486,6,
487,6,
488,6,
489,6,
490,6,
491,6,
492,6,
493,6,
494,6,
495,6,
496,6,
497,6,
498,6,
499,6,
500,6,
501,6,
502,6,
503,6,
504,6,
505,6,
506,6,
507,6,
508,6,
509,6,
510,6,
511,6,
512,6,
513,6,
514,5,
515,5,
516,5,
517,5,
518,5,
519,5,
520,5,
521,5,
522,5,
523,5,
524,5,
525,5,
526,5,
527,5,
528,5,
529,5,
530,5,
531,5,
532,5,
533,5,
534,5,
535,5,
536,5,
537,5,
538,5,
539,5,
540,5,
541,5,
542,5,
543,5,
544,5,
545,5,
546,5,
547,5,
548,5,
549,5,
550,5,
551,5,
552,5,
553,5,
554,5,
555,5,
556,5,
557,5,
558,5,
559,5,
560,5,
561,5,
562,5,
563,5,
564,5,
565,5,
566,5,
567,5,
568,5,
569,5,
570,5,
571,5,
572,5,
573,5,
574,5,
575,5,
576,5,
577,5,
578,5,
579,5,
580,5,
581,5,
582,5,
583,5,
584,5,
585,5,
586,5,
587,5,
588,5,
589,5,
590,5,
591,5,
592,5,
593,5,
594,5,
595,5,
596,5,
597,5,
598,5,
599,5,
600,5,
601,5,
602,5,
603,5,
604,5,
605,5,
606,5,
607,5,
608,5,
609,5,
610,5,
611,5,
612,5,
613,5,
614,5,
615,5,
616,5,
617,5,
618,5,
619,5,
620,5,
621,5,
622,5,
623,5,
624,5,
625,5,
626,5,
627,5,
628,5,
629,5,
630,5,
631,5,
632,5,
633,5,
634,5,
635,5,
636,5,
637,5,
638,4,
639,4,
640,4,
641,4,
642,4,
643,4,
644,4,
645,4,
646,4,
647,4,
648,4,
649,4,
650,4,
651,4,
652,4,
653,4,
654,4,
655,4,
656,4,
657,4,
658,4,
659,4,
660,4,
661,4,
662,4,
663,4,
664,4,
665,4,
666,4,
667,4,
668,4,
669,4,
670,4,
671,4,
672,4,
673,4,
674,4,
675,4,
676,4,
677,4,
678,4,
679,4,
680,4,
681,4,
682,4,
683,4,
684,4,
685,4,
686,4,
687,4,
688,4,
689,4,
690,4,
691,4,
692,4,
693,4,
694,4,
695,4,
696,4,
697,4,
698,4,
699,4,
700,4,
701,4,
702,4,
703,4,
704,4,
705,4,
706,4,
707,4,
708,4,
709,4,
710,4,
711,4,
712,4,
713,4,
714,4,
715,4,
716,4,
717,4,
718,4,
719,4,
720,4,
721,4,
722,4,
723,4,
724,4,
725,4,
726,4,
727,4,
728,4,
729,4,
730,4,
731,4,
732,4,
733,4,
734,4,
735,4,
736,4,
737,4,
738,4,
739,4,
740,4,
741,4,
742,4,
743,4,
744,4,
745,4,
746,4,
747,4,
748,4,
749,4,
750,4,
751,4,
752,4,
753,4,
754,4,
755,4,
756,4,
757,4,
758,4,
759,4,
760,4,
761,4,
762,4,
763,4,
764,4,
765,4,
766,4,
767,4,
768,4,
769,4,
770,4,
771,4,
772,4,
773,4,
774,4,
775,4,
776,4,
777,4,
778,4,
779,4,
780,4,
781,4,
782,4,
783,4,
784,4,
785,4,
786,4,
787,4,
788,4,
789,4,
790,4,
791,4,
792,4,
793,4,
794,4,
795,4,
796,4,
797,4,
798,4,
799,4,
800,4,
801,4,
802,4,
803,4,
804,4,
805,4,
806,4,
807,4,
808,4,
809,4,
810,4,
811,4,
812,4,
813,4,
814,4,
815,4,
816,4,
817,4,
818,4,
819,4,
820,4,
821,4,
822,4,
823,4,
824,4,
825,4,
826,4,
827,4,
828,4,
829,3,
830,3,
831,3,
832,3,
833,3,
834,3,
835,3,
836,3,
837,3,
838,3,
839,3,
840,3,
841,3,
842,3,
843,3,
844,3,
845,3,
846,3,
847,3,
848,3,
849,3,
850,3,
851,3,
852,3,
853,3,
854,3,
855,3,
856,3,
857,3,
858,3,
859,3,
860,3,
861,3,
862,3,
863,3,
864,3,
865,3,
866,3,
867,3,
868,3,
869,3,
870,3,
871,3,
872,3,
873,3,
874,3,
875,3,
876,3,
877,3,
878,3,
879,3,
880,3,
881,3,
882,3,
883,3,
884,3,
885,3,
886,3,
887,3,
888,3,
889,3,
890,3,
891,3,
892,3,
893,3,
894,3,
895,3,
896,3,
897,3,
898,3,
899,3,
900,3,
901,3,
902,3,
903,3,
904,3,
905,3,
906,3,
907,3,
908,3,
909,3,
910,3,
911,3,
912,3,
913,3,
914,3,
915,3,
916,3,
917,3,
918,3,
919,3,
920,3,
921,3,
922,3,
923,3,
924,3,
925,3,
926,3,
927,3,
928,3,
929,3,
930,3,
931,3,
932,3,
933,3,
934,3,
935,3,
936,3,
937,3,
938,3,
939,3,
940,3,
941,3,
942,3,
943,3,
944,3,
945,3,
946,3,
947,3,
948,3,
949,3,
950,3,
951,3,
952,3,
953,3,
954,3,
955,3,
956,3,
957,3,
958,3,
959,3,
960,3,
961,3,
962,3,
963,3,
964,3,
965,3,
966,3,
967,3,
968,3,
969,3,
970,3,
971,3,
972,3,
973,3,
974,3,
975,3,
976,3,
977,3,
978,3,
979,3,
980,3,
981,3,
982,3,
983,3,
984,3,
985,3,
986,3,
987,3,
988,3,
989,3,
990,3,
991,3,
992,3,
993,3,
994,3,
995,3,
996,3,
997,3,
998,3,
999,3,
1000,3,
1001,3,
1002,3,
1003,3,
1004,3,
1005,3,
1006,3,
1007,3,
1008,3,
1009,3,
1010,3,
1011,3,
1012,3,
1013,3,
1014,3,
1015,3,
1016,3,
1017,3,
1018,3,
1019,3,
1020,3,
1021,3,
1022,3,
1023,3,
1024,3,
1025,3,
1026,3,
1027,3,
1028,3,
1029,3,
1030,3,
1031,3,
1032,3,
1033,3,
1034,3,
1035,3,
1036,3,
1037,3,
1038,3,
1039,3,
1040,3,
1041,3,
1042,3,
1043,3,
1044,3,
1045,3,
1046,3,
1047,3,
1048,3,
1049,3,
1050,3,
1051,3,
1052,3,
1053,3,
1054,3,
1055,3,
1056,3,
1057,3,
1058,3,
1059,3,
1060,3,
1061,3,
1062,3,
1063,3,
1064,3,
1065,3,
1066,3,
1067,3,
1068,3,
1069,3,
1070,3,
1071,3,
1072,3,
1073,3,
1074,3,
1075,3,
1076,3,
1077,3,
1078,3,
1079,3,
1080,3,
1081,3,
1082,3,
1083,3,
1084,3,
1085,3,
1086,3,
1087,3,
1088,3,
1089,3,
1090,3,
1091,3,
1092,3,
1093,3,
1094,3,
1095,3,
1096,3,
1097,3,
1098,3,
1099,3,
1100,3,
1101,3,
1102,3,
1103,3,
1104,3,
1105,3,
1106,3,
1107,3,
1108,3,
1109,3,
1110,3,
1111,3,
1112,3,
1113,3,
1114,3,
1115,3,
1116,3,
1117,3,
1118,3,
1119,3,
1120,3,
1121,3,
1122,3,
1123,3,
1124,3,
1125,3,
1126,3,
1127,3,
1128,3,
1129,3,
1130,3,
1131,3,
1132,3,
1133,3,
1134,3,
1135,3,
1136,3,
1137,3,
1138,3,
1139,3,
1140,3,
1141,3,
1142,3,
1143,3,
1144,3,
1145,3,
1146,3,
1147,3,
1148,3,
1149,3,
1150,2,
1151,2,
1152,2,
1153,2,
1154,2,
1155,2,
1156,2,
1157,2,
1158,2,
1159,2,
1160,2,
1161,2,
1162,2,
1163,2,
1164,2,
1165,2,
1166,2,
1167,2,
1168,2,
1169,2,
1170,2,
1171,2,
1172,2,
1173,2,
1174,2,
1175,2,
1176,2,
1177,2,
1178,2,
1179,2,
1180,2,
1181,2,
1182,2,
1183,2,
1184,2,
1185,2,
1186,2,
1187,2,
1188,2,
1189,2,
1190,2,
1191,2,
1192,2,
1193,2,
1194,2,
1195,2,
1196,2,
1197,2,
1198,2,
1199,2,
1200,2,
1201,2,
1202,2,
1203,2,
1204,2,
1205,2,
1206,2,
1207,2,
1208,2,
1209,2,
1210,2,
1211,2,
1212,2,
1213,2,
1214,2,
1215,2,
1216,2,
1217,2,
1218,2,
1219,2,
1220,2,
1221,2,
1222,2,
1223,2,
1224,2,
1225,2,
1226,2,
1227,2,
1228,2,
1229,2,
1230,2,
1231,2,
1232,2,
1233,2,
1234,2,
1235,2,
1236,2,
1237,2,
1238,2,
1239,2,
1240,2,
1241,2,
1242,2,
1243,2,
1244,2,
1245,2,
1246,2,
1247,2,
1248,2,
1249,2,
1250,2,
1251,2,
1252,2,
1253,2,
1254,2,
1255,2,
1256,2,
1257,2,
1258,2,
1259,2,
1260,2,
1261,2,
1262,2,
1263,2,
1264,2,
1265,2,
1266,2,
1267,2,
1268,2,
1269,2,
1270,2,
1271,2,
1272,2,
1273,2,
1274,2,
1275,2,
1276,2,
1277,2,
1278,2,
1279,2,
1280,2,
1281,2,
1282,2,
1283,2,
1284,2,
1285,2,
1286,2,
1287,2,
1288,2,
1289,2,
1290,2,
1291,2,
1292,2,
1293,2,
1294,2,
1295,2,
1296,2,
1297,2,
1298,2,
1299,2,
1300,2,
1301,2,
1302,2,
1303,2,
1304,2,
1305,2,
1306,2,
1307,2,
1308,2,
1309,2,
1310,2,
1311,2,
1312,2,
1313,2,
1314,2,
1315,2,
1316,2,
1317,2,
1318,2,
1319,2,
1320,2,
1321,2,
1322,2,
1323,2,
1324,2,
1325,2,
1326,2,
1327,2,
1328,2,
1329,2,
1330,2,
1331,2,
1332,2,
1333,2,
1334,2,
1335,2,
1336,2,
1337,2,
1338,2,
1339,2,
1340,2,
1341,2,
1342,2,
1343,2,
1344,2,
1345,2,
1346,2,
1347,2,
1348,2,
1349,2,
1350,2,
1351,2,
1352,2,
1353,2,
1354,2,
1355,2,
1356,2,
1357,2,
1358,2,
1359,2,
1360,2,
1361,2,
1362,2,
1363,2,
1364,2,
1365,2,
1366,2,
1367,2,
1368,2,
1369,2,
1370,2,
1371,2,
1372,2,
1373,2,
1374,2,
1375,2,
1376,2,
1377,2,
1378,2,
1379,2,
1380,2,
1381,2,
1382,2,
1383,2,
1384,2,
1385,2,
1386,2,
1387,2,
1388,2,
1389,2,
1390,2,
1391,2,
1392,2,
1393,2,
1394,2,
1395,2,
1396,2,
1397,2,
1398,2,
1399,2,
1400,2,
1401,2,
1402,2,
1403,2,
1404,2,
1405,2,
1406,2,
1407,2,
1408,2,
1409,2,
1410,2,
1411,2,
1412,2,
1413,2,
1414,2,
1415,2,
1416,2,
1417,2,
1418,2,
1419,2,
1420,2,
1421,2,
1422,2,
1423,2,
1424,2,
1425,2,
1426,2,
1427,2,
1428,2,
1429,2,
1430,2,
1431,2,
1432,2,
1433,2,
1434,2,
1435,2,
1436,2,
1437,2,
1438,2,
1439,2,
1440,2,
1441,2,
1442,2,
1443,2,
1444,2,
1445,2,
1446,2,
1447,2,
1448,2,
1449,2,
1450,2,
1451,2,
1452,2,
1453,2,
1454,2,
1455,2,
1456,2,
1457,2,
1458,2,
1459,2,
1460,2,
1461,2,
1462,2,
1463,2,
1464,2,
1465,2,
1466,2,
1467,2,
1468,2,
1469,2,
1470,2,
1471,2,
1472,2,
1473,2,
1474,2,
1475,2,
1476,2,
1477,2,
1478,2,
1479,2,
1480,2,
1481,2,
1482,2,
1483,2,
1484,2,
1485,2,
1486,2,
1487,2,
1488,2,
1489,2,
1490,2,
1491,2,
1492,2,
1493,2,
1494,2,
1495,2,
1496,2,
1497,2,
1498,2,
1499,2,
1500,2,
1501,2,
1502,2,
1503,2,
1504,2,
1505,2,
1506,2,
1507,2,
1508,2,
1509,2,
1510,2,
1511,2,
1512,2,
1513,2,
1514,2,
1515,2,
1516,2,
1517,2,
1518,2,
1519,2,
1520,2,
1521,2,
1522,2,
1523,2,
1524,2,
1525,2,
1526,2,
1527,2,
1528,2,
1529,2,
1530,2,
1531,2,
1532,2,
1533,2,
1534,2,
1535,2,
1536,2,
1537,2,
1538,2,
1539,2,
1540,2,
1541,2,
1542,2,
1543,2,
1544,2,
1545,2,
1546,2,
1547,2,
1548,2,
1549,2,
1550,2,
1551,2,
1552,2,
1553,2,
1554,2,
1555,2,
1556,2,
1557,2,
1558,2,
1559,2,
1560,2,
1561,2,
1562,2,
1563,2,
1564,2,
1565,2,
1566,2,
1567,2,
1568,2,
1569,2,
1570,2,
1571,2,
1572,2,
1573,2,
1574,2,
1575,2,
1576,2,
1577,2,
1578,2,
1579,2,
1580,2,
1581,2,
1582,2,
1583,2,
1584,2,
1585,2,
1586,2,
1587,2,
1588,2,
1589,2,
1590,2,
1591,2,
1592,2,
1593,2,
1594,2,
1595,2,
1596,2,
1597,2,
1598,2,
1599,2,
1600,2,
1601,2,
1602,2,
1603,2,
1604,2,
1605,2,
1606,2,
1607,2,
1608,2,
1609,2,
1610,2,
1611,2,
1612,2,
1613,2,
1614,2,
1615,2,
1616,2,
1617,2,
1618,2,
1619,2,
1620,2,
1621,2,
1622,2,
1623,2,
1624,2,
1625,2,
1626,2,
1627,2,
1628,2,
1629,2,
1630,2,
1631,2,
1632,2,
1633,2,
1634,2,
1635,2,
1636,2,
1637,2,
1638,2,
1639,2,
1640,2,
1641,2,
1642,2,
1643,2,
1644,2,
1645,2,
1646,2,
1647,2,
1648,2,
1649,2,
1650,2,
1651,2,
1652,2,
1653,2,
1654,2,
1655,2,
1656,2,
1657,2,
1658,2,
1659,2,
1660,2,
1661,2,
1662,2,
1663,2,
1664,2,
1665,2,
1666,2,
1667,2,
1668,2,
1669,2,
1670,2,
1671,2,
1672,2,
1673,2,
1674,2,
1675,2,
1676,2,
1677,2,
1678,2,
1679,2,
1680,2,
1681,2,
1682,2,
1683,2,
1684,2,
1685,2,
1686,2,
1687,2,
1688,2,
1689,2,
1690,2,
1691,2,
1692,2,
1693,2,
1694,2,
1695,2,
1696,2,
1697,2,
1698,2,
1699,2,
1700,2,
1701,2,
1702,2,
1703,2,
1704,2,
1705,2,
1706,2,
1707,2,
1708,2,
1709,2,
1710,2,
1711,2,
1712,2,
1713,2,
1714,2,
1715,2,
1716,2,
1717,2,
1718,2,
1719,2,
1720,2,
1721,1,
1722,1,
1723,1,
1724,1,
1725,1,
1726,1,
1727,1,
1728,1,
1729,1,
1730,1,
1731,1,
1732,1,
1733,1,
1734,1,
1735,1,
1736,1,
1737,1,
1738,1,
1739,1,
1740,1,
1741,1,
1742,1,
1743,1,
1744,1,
1745,1,
1746,1,
1747,1,
1748,1,
1749,1,
1750,1,
1751,1,
1752,1,
1753,1,
1754,1,
1755,1,
1756,1,
1757,1,
1758,1,
1759,1,
1760,1,
1761,1,
1762,1,
1763,1,
1764,1,
1765,1,
1766,1,
1767,1,
1768,1,
1769,1,
1770,1,
1771,1,
1772,1,
1773,1,
1774,1,
1775,1,
1776,1,
1777,1,
1778,1,
1779,1,
1780,1,
1781,1,
1782,1,
1783,1,
1784,1,
1785,1,
1786,1,
1787,1,
1788,1,
1789,1,
1790,1,
1791,1,
1792,1,
1793,1,
1794,1,
1795,1,
1796,1,
1797,1,
1798,1,
1799,1,
1800,1,
1801,1,
1802,1,
1803,1,
1804,1,
1805,1,
1806,1,
1807,1,
1808,1,
1809,1,
1810,1,
1811,1,
1812,1,
1813,1,
1814,1,
1815,1,
1816,1,
1817,1,
1818,1,
1819,1,
1820,1,
1821,1,
1822,1,
1823,1,
1824,1,
1825,1,
1826,1,
1827,1,
1828,1,
1829,1,
1830,1,
1831,1,
1832,1,
1833,1,
1834,1,
1835,1,
1836,1,
1837,1,
1838,1,
1839,1,
1840,1,
1841,1,
1842,1,
1843,1,
1844,1,
1845,1,
1846,1,
1847,1,
1848,1,
1849,1,
1850,1,
1851,1,
1852,1,
1853,1,
1854,1,
1855,1,
1856,1,
1857,1,
1858,1,
1859,1,
1860,1,
1861,1,
1862,1,
1863,1,
1864,1,
1865,1,
1866,1,
1867,1,
1868,1,
1869,1,
1870,1,
1871,1,
1872,1,
1873,1,
1874,1,
1875,1,
1876,1,
1877,1,
1878,1,
1879,1,
1880,1,
1881,1,
1882,1,
1883,1,
1884,1,
1885,1,
1886,1,
1887,1,
1888,1,
1889,1,
1890,1,
1891,1,
1892,1,
1893,1,
1894,1,
1895,1,
1896,1,
1897,1,
1898,1,
1899,1,
1900,1,
1901,1,
1902,1,
1903,1,
1904,1,
1905,1,
1906,1,
1907,1,
1908,1,
1909,1,
1910,1,
1911,1,
1912,1,
1913,1,
1914,1,
1915,1,
1916,1,
1917,1,
1918,1,
1919,1,
1920,1,
1921,1,
1922,1,
1923,1,
1924,1,
1925,1,
1926,1,
1927,1,
1928,1,
1929,1,
1930,1,
1931,1,
1932,1,
1933,1,
1934,1,
1935,1,
1936,1,
1937,1,
1938,1,
1939,1,
1940,1,
1941,1,
1942,1,
1943,1,
1944,1,
1945,1,
1946,1,
1947,1,
1948,1,
1949,1,
1950,1,
1951,1,
1952,1,
1953,1,
1954,1,
1955,1,
1956,1,
1957,1,
1958,1,
1959,1,
1960,1,
1961,1,
1962,1,
1963,1,
1964,1,
1965,1,
1966,1,
1967,1,
1968,1,
1969,1,
1970,1,
1971,1,
1972,1,
1973,1,
1974,1,
1975,1,
1976,1,
1977,1,
1978,1,
1979,1,
1980,1,
1981,1,
1982,1,
1983,1,
1984,1,
1985,1,
1986,1,
1987,1,
1988,1,
1989,1,
1990,1,
1991,1,
1992,1,
1993,1,
1994,1,
1995,1,
1996,1,
1997,1,
1998,1,
1999,1,
2000,1,
2001,1,
2002,1,
2003,1,
2004,1,
2005,1,
2006,1,
2007,1,
2008,1,
2009,1,
2010,1,
2011,1,
2012,1,
2013,1,
2014,1,
2015,1,
2016,1,
2017,1,
2018,1,
2019,1,
2020,1,
2021,1,
2022,1,
2023,1,
2024,1,
2025,1,
2026,1,
2027,1,
2028,1,
2029,1,
2030,1,
2031,1,
2032,1,
2033,1,
2034,1,
2035,1,
2036,1,
2037,1,
2038,1,
2039,1,
2040,1,
2041,1,
2042,1,
2043,1,
2044,1,
2045,1,
2046,1,
2047,1,
2048,1,
2049,1,
2050,1,
2051,1,
2052,1,
2053,1,
2054,1,
2055,1,
2056,1,
2057,1,
2058,1,
2059,1,
2060,1,
2061,1,
2062,1,
2063,1,
2064,1,
2065,1,
2066,1,
2067,1,
2068,1,
2069,1,
2070,1,
2071,1,
2072,1,
2073,1,
2074,1,
2075,1,
2076,1,
2077,1,
2078,1,
2079,1,
2080,1,
2081,1,
2082,1,
2083,1,
2084,1,
2085,1,
2086,1,
2087,1,
2088,1,
2089,1,
2090,1,
2091,1,
2092,1,
2093,1,
2094,1,
2095,1,
2096,1,
2097,1,
2098,1,
2099,1,
2100,1,
2101,1,
2102,1,
2103,1,
2104,1,
2105,1,
2106,1,
2107,1,
2108,1,
2109,1,
2110,1,
2111,1,
2112,1,
2113,1,
2114,1,
2115,1,
2116,1,
2117,1,
2118,1,
2119,1,
2120,1,
2121,1,
2122,1,
2123,1,
2124,1,
2125,1,
2126,1,
2127,1,
2128,1,
2129,1,
2130,1,
2131,1,
2132,1,
2133,1,
2134,1,
2135,1,
2136,1,
2137,1,
2138,1,
2139,1,
2140,1,
2141,1,
2142,1,
2143,1,
2144,1,
2145,1,
2146,1,
2147,1,
2148,1,
2149,1,
2150,1,
2151,1,
2152,1,
2153,1,
2154,1,
2155,1,
2156,1,
2157,1,
2158,1,
2159,1,
2160,1,
2161,1,
2162,1,
2163,1,
2164,1,
2165,1,
2166,1,
2167,1,
2168,1,
2169,1,
2170,1,
2171,1,
2172,1,
2173,1,
2174,1,
2175,1,
2176,1,
2177,1,
2178,1,
2179,1,
2180,1,
2181,1,
2182,1,
2183,1,
2184,1,
2185,1,
2186,1,
2187,1,
2188,1,
2189,1,
2190,1,
2191,1,
2192,1,
2193,1,
2194,1,
2195,1,
2196,1,
2197,1,
2198,1,
2199,1,
2200,1,
2201,1,
2202,1,
2203,1,
2204,1,
2205,1,
2206,1,
2207,1,
2208,1,
2209,1,
2210,1,
2211,1,
2212,1,
2213,1,
2214,1,
2215,1,
2216,1,
2217,1,
2218,1,
2219,1,
2220,1,
2221,1,
2222,1,
2223,1,
2224,1,
2225,1,
2226,1,
2227,1,
2228,1,
2229,1,
2230,1,
2231,1,
2232,1,
2233,1,
2234,1,
2235,1,
2236,1,
2237,1,
2238,1,
2239,1,
2240,1,
2241,1,
2242,1,
2243,1,
2244,1,
2245,1,
2246,1,
2247,1,
2248,1,
2249,1,
2250,1,
2251,1,
2252,1,
2253,1,
2254,1,
2255,1,
2256,1,
2257,1,
2258,1,
2259,1,
2260,1,
2261,1,
2262,1,
2263,1,
2264,1,
2265,1,
2266,1,
2267,1,
2268,1,
2269,1,
2270,1,
2271,1,
2272,1,
2273,1,
2274,1,
2275,1,
2276,1,
2277,1,
2278,1,
2279,1,
2280,1,
2281,1,
2282,1,
2283,1,
2284,1,
2285,1,
2286,1,
2287,1,
2288,1,
2289,1,
2290,1,
2291,1,
2292,1,
2293,1,
2294,1,
2295,1,
2296,1,
2297,1,
2298,1,
2299,1,
2300,1,
2301,1,
2302,1,
2303,1,
2304,1,
2305,1,
2306,1,
2307,1,
2308,1,
2309,1,
2310,1,
2311,1,
2312,1,
2313,1,
2314,1,
2315,1,
2316,1,
2317,1,
2318,1,
2319,1,
2320,1,
2321,1,
2322,1,
2323,1,
2324,1,
2325,1,
2326,1,
2327,1,
2328,1,
2329,1,
2330,1,
2331,1,
2332,1,
2333,1,
2334,1,
2335,1,
2336,1,
2337,1,
2338,1,
2339,1,
2340,1,
2341,1,
2342,1,
2343,1,
2344,1,
2345,1,
2346,1,
2347,1,
2348,1,
2349,1,
2350,1,
2351,1,
2352,1,
2353,1,
2354,1,
2355,1,
2356,1,
2357,1,
2358,1,
2359,1,
2360,1,
2361,1,
2362,1,
2363,1,
2364,1,
2365,1,
2366,1,
2367,1,
2368,1,
2369,1,
2370,1,
2371,1,
2372,1,
2373,1,
2374,1,
2375,1,
2376,1,
2377,1,
2378,1,
2379,1,
2380,1,
2381,1,
2382,1,
2383,1,
2384,1,
2385,1,
2386,1,
2387,1,
2388,1,
2389,1,
2390,1,
2391,1,
2392,1,
2393,1,
2394,1,
2395,1,
2396,1,
2397,1,
2398,1,
2399,1,
2400,1,
2401,1,
2402,1,
2403,1,
2404,1,
2405,1,
2406,1,
2407,1,
2408,1,
2409,1,
2410,1,
2411,1,
2412,1,
2413,1,
2414,1,
2415,1,
2416,1,
2417,1,
2418,1,
2419,1,
2420,1,
2421,1,
2422,1,
2423,1,
2424,1,
2425,1,
2426,1,
2427,1,
2428,1,
2429,1,
2430,1,
2431,1,
2432,1,
2433,1,
2434,1,
2435,1,
2436,1,
2437,1,
2438,1,
2439,1,
2440,1,
2441,1,
2442,1,
2443,1,
2444,1,
2445,1,
2446,1,
2447,1,
2448,1,
2449,1,
2450,1,
2451,1,
2452,1,
2453,1,
2454,1,
2455,1,
2456,1,
2457,1,
2458,1,
2459,1,
2460,1,
2461,1,
2462,1,
2463,1,
2464,1,
2465,1,
2466,1,
2467,1,
2468,1,
2469,1,
2470,1,
2471,1,
2472,1,
2473,1,
2474,1,
2475,1,
2476,1,
2477,1,
2478,1,
2479,1,
2480,1,
2481,1,
2482,1,
2483,1,
2484,1,
2485,1,
2486,1,
2487,1,
2488,1,
2489,1,
2490,1,
2491,1,
2492,1,
2493,1,
2494,1,
2495,1,
2496,1,
2497,1,
2498,1,
2499,1,
2500,1,
2501,1,
2502,1,
2503,1,
2504,1,
2505,1,
2506,1,
2507,1,
2508,1,
2509,1,
2510,1,
2511,1,
2512,1,
2513,1,
2514,1,
2515,1,
2516,1,
2517,1,
2518,1,
2519,1,
2520,1,
2521,1,
2522,1,
2523,1,
2524,1,
2525,1,
2526,1,
2527,1,
2528,1,
2529,1,
2530,1,
2531,1,
2532,1,
2533,1,
2534,1,
2535,1,
2536,1,
2537,1,
2538,1,
2539,1,
2540,1,
2541,1,
2542,1,
2543,1,
2544,1,
2545,1,
2546,1,
2547,1,
2548,1,
2549,1,
2550,1,
2551,1,
2552,1,
2553,1,
2554,1,
2555,1,
2556,1,
2557,1,
2558,1,
2559,1,
2560,1,
2561,1,
2562,1,
2563,1,
2564,1,
2565,1,
2566,1,
2567,1,
2568,1,
2569,1,
2570,1,
2571,1,
2572,1,
2573,1,
2574,1,
2575,1,
2576,1,
2577,1,
2578,1,
2579,1,
2580,1,
2581,1,
2582,1,
2583,1,
2584,1,
2585,1,
2586,1,
2587,1,
2588,1,
2589,1,
2590,1,
2591,1,
2592,1,
2593,1,
2594,1,
2595,1,
2596,1,
2597,1,
2598,1,
2599,1,
2600,1,
2601,1,
2602,1,
2603,1,
2604,1,
2605,1,
2606,1,
2607,1,
2608,1,
2609,1,
2610,1,
2611,1,
2612,1,
2613,1,
2614,1,
2615,1,
2616,1,
2617,1,
2618,1,
2619,1,
2620,1,
2621,1,
2622,1,
2623,1,
2624,1,
2625,1,
2626,1,
2627,1,
2628,1,
2629,1,
2630,1,
2631,1,
2632,1,
2633,1,
2634,1,
2635,1,
2636,1,
2637,1,
2638,1,
2639,1,
2640,1,
2641,1,
2642,1,
2643,1,
2644,1,
2645,1,
2646,1,
2647,1,
2648,1,
2649,1,
2650,1,
2651,1,
2652,1,
2653,1,
2654,1,
2655,1,
2656,1,
2657,1,
2658,1,
2659,1,
2660,1,
2661,1,
2662,1,
2663,1,
2664,1,
2665,1,
2666,1,
2667,1,
2668,1,
2669,1,
2670,1,
2671,1,
2672,1,
2673,1,
2674,1,
2675,1,
2676,1,
2677,1,
2678,1,
2679,1,
2680,1,
2681,1,
2682,1,
2683,1,
2684,1,
2685,1,
2686,1,
2687,1,
2688,1,
2689,1,
2690,1,
2691,1,
2692,1,
2693,1,
2694,1,
2695,1,
2696,1,
2697,1,
2698,1,
2699,1,
2700,1,
2701,1,
2702,1,
2703,1,
2704,1,
2705,1,
2706,1,
2707,1,
2708,1,
2709,1,
2710,1,
2711,1,
2712,1,
2713,1,
2714,1,
2715,1,
2716,1,
2717,1,
2718,1,
2719,1,
2720,1,
2721,1,
2722,1,
2723,1,
2724,1,
2725,1,
2726,1,
2727,1,
2728,1,
2729,1,
2730,1,
2731,1,
2732,1,
2733,1,
2734,1,
2735,1,
2736,1,
2737,1,
2738,1,
2739,1,
2740,1,
2741,1,
2742,1,
2743,1,
2744,1,
2745,1,
2746,1,
2747,1,
2748,1,
2749,1,
2750,1,
2751,1,
2752,1,
2753,1,
2754,1,
2755,1,
2756,1,
2757,1,
2758,1,
2759,1,
2760,1,
2761,1,
2762,1,
2763,1,
2764,1,
2765,1,
2766,1,
2767,1,
2768,1,
2769,1,
2770,1,
2771,1,
2772,1,
2773,1,
2774,1,
2775,1,
2776,1,
2777,1,
2778,1,
2779,1,
2780,1,
2781,1,
2782,1,
2783,1,
2784,1,
2785,1,
2786,1,
2787,1,
2788,1,
2789,1,
2790,1,
2791,1,
2792,1,
2793,1,
2794,1,
2795,1,
2796,1,
2797,1,
2798,1,
2799,1,
2800,1,
2801,1,
2802,1,
2803,1,
2804,1,
2805,1,
2806,1,
2807,1,
2808,1,
2809,1,
2810,1,
2811,1,
2812,1,
2813,1,
2814,1,
2815,1,
2816,1,
2817,1,
2818,1,
2819,1,
2820,1,
2821,1,
2822,1,
2823,1,
2824,1,
2825,1,
2826,1,
2827,1,
2828,1,
2829,1,
2830,1,
2831,1,
2832,1,
2833,1,
2834,1,
2835,1,
2836,1,
2837,1,
2838,1,
2839,1,
2840,1,
2841,1,
2842,1,
2843,1,
2844,1,
2845,1,
2846,1,
2847,1,
2848,1,
2849,1,
2850,1,
2851,1,
2852,1,
2853,1,
2854,1,
2855,1,
2856,1,
2857,1,
2858,1,
2859,1,
2860,1,
2861,1,
2862,1,
2863,1,
2864,1,
2865,1,
2866,1,
2867,1,
2868,1,
2869,1,
2870,1,
2871,1,
2872,1,
2873,1,
2874,1,
2875,1,
2876,1,
2877,1,
2878,1,
2879,1,
2880,1,
2881,1,
2882,1,
2883,1,
2884,1,
2885,1,
2886,1,
2887,1,
2888,1,
2889,1,
2890,1,
2891,1,
2892,1,
2893,1,
2894,1,
2895,1,
2896,1,
2897,1,
2898,1,
2899,1,
2900,1,
2901,1,
2902,1,
2903,1,
2904,1,
2905,1,
2906,1,
2907,1,
2908,1,
2909,1,
2910,1,
2911,1,
2912,1,
2913,1,
2914,1,
2915,1,
2916,1,
2917,1,
2918,1,
2919,1,
2920,1,
2921,1,
2922,1,
2923,1,
2924,1,
2925,1,
2926,1,
2927,1,
2928,1,
2929,1,
2930,1,
2931,1,
2932,1,
2933,1,
2934,1,
2935,1,
2936,1,
2937,1,
2938,1,
2939,1,
2940,1,
2941,1,
2942,1,
2943,1,
2944,1,
2945,1,
2946,1,
2947,1,
2948,1,
2949,1,
2950,1,
2951,1,
2952,1,
2953,1,
2954,1,
2955,1,
2956,1,
2957,1,
2958,1,
2959,1,
2960,1,
2961,1,
2962,1,
2963,1,
2964,1,
2965,1,
2966,1,
2967,1,
2968,1,
2969,1,
2970,1,
2971,1,
2972,1,
2973,1,
2974,1,
2975,1,
2976,1,
2977,1,
2978,1,
2979,1,
2980,1,
2981,1,
2982,1,
2983,1,
2984,1,
2985,1,
2986,1,
2987,1,
2988,1,
2989,1,
2990,1,
2991,1,
2992,1,
2993,1,
2994,1,
2995,1,
2996,1,
2997,1,
2998,1,
2999,1,
3000,1,
3001,1,
3002,1,
3003,1,
3004,1,
3005,1,
3006,1,
3007,1,
3008,1,
3009,1,
3010,1,
3011,1,
3012,1,
3013,1,
3014,1,
3015,1,
3016,1,
3017,1,
3018,1,
3019,1,
3020,1,
3021,1,
3022,1,
3023,1,
3024,1,
3025,1,
3026,1,
3027,1,
3028,1,
3029,1,
3030,1,
3031,1,
3032,1,
3033,1,
3034,1,
3035,1,
3036,1,
3037,1,
3038,1,
3039,1,
3040,1,
3041,1,
3042,1,
3043,1,
3044,1,
3045,1,
3046,1,
3047,1,
3048,1,
3049,1,
3050,1,
3051,1,
3052,1,
3053,1,
3054,1,
3055,1,
3056,1,
3057,1,
3058,1,
3059,1,
3060,1,
3061,1,
3062,1,
3063,1,
3064,1,
3065,1,
3066,1,
3067,1,
3068,1,
3069,1,
3070,1,
3071,1,
3072,1,
3073,1,
3074,1,
3075,1,
3076,1,
3077,1,
3078,1,
3079,1,
3080,1,
3081,1,
3082,1,
3083,1,
3084,1,
3085,1,
3086,1,
3087,1,
3088,1,
3089,1,
3090,1,
3091,1,
3092,1,
3093,1,
3094,1,
3095,1,
3096,1,
3097,1,
3098,1,
3099,1,
3100,1,
3101,1,
3102,1,
3103,1,
3104,1,
3105,1,
3106,1,
3107,1,
3108,1,
3109,1,
3110,1,
3111,1,
3112,1,
3113,1,
3114,1,
3115,1,
3116,1,
3117,1,
3118,1,
3119,1,
3120,1,
3121,1,
3122,1,
3123,1,
3124,1,
3125,1,
3126,1,
3127,1,
3128,1,
3129,1,
3130,1,
3131,1,
3132,1,
3133,1,
3134,1,
3135,1,
3136,1,
3137,1,
3138,1,
3139,1,
3140,1,
3141,1,
3142,1,
3143,1,
3144,1,
3145,1,
3146,1,
3147,1,
3148,1,
3149,1,
3150,1,
3151,1,
3152,1,
3153,1,
3154,1,
3155,1,
3156,1,
3157,1,
3158,1,
3159,1,
3160,1,
3161,1,
3162,1,
3163,1,
3164,1,
3165,1,
3166,1,
3167,1,
3168,1,
3169,1,
3170,1,
3171,1,
3172,1,
3173,1,
3174,1,
3175,1,
3176,1,
3177,1,
3178,1,
3179,1,
3180,1,
3181,1,
3182,1,
3183,1,
3184,1,
3185,1,
3186,1,
3187,1,
3188,1,
3189,1,
3190,1,
3191,1,
3192,1,
3193,1,
3194,1,
3195,1,
3196,1,
3197,1,
3198,1,
3199,1,
3200,1,
3201,1,
3202,1,
3203,1,
3204,1,
3205,1,
3206,1,
3207,1,
3208,1,
3209,1,
3210,1,
3211,1,
3212,1,
3213,1,
3214,1,
3215,1,
